asset_idx,asset_health,failure_prob,day_1,day_2,day_3,day_4,day_5,day_6,day_7
0,Healthy,0.0,0.0,0.0,0.0,0.0,0.0,0.0,0.0
1,Healthy,0.0,0.0,0.0,0.0,0.0,0.0,0.0,0.0
2,Healthy,0.0,0.0,0.0,0.0,0.0,0.0,0.0,0.0
3,Healthy,0.0,0.0,0.0,0.0,0.0,0.0,0.0,0.0
4,Healthy,0.0,0.0,0.0,0.0,0.0,0.0,0.0,0.0
5,Healthy,0.0,0.0,0.0,0.0,0.0,0.0,0.0,0.0
6,Healthy,0.0,0.0,0.0,0.0,0.0,0.0,0.0,0.0
7,Healthy,0.003383458646616541,0.0,0.0,0.0,0.0,0.0,0.0,0.0
8,Healthy,0.0,0.0,0.0,0.0,0.0,0.0,0.0,0.0
9,Healthy,0.0,0.0,0.0,0.0,0.0,0.0,0.0,0.0
10,Healthy,0.0,0.0,0.0,0.0,0.0,0.0,0.0,0.0
11,Healthy,0.0,0.0,0.0,0.0,0.0,0.0,0.0,0.0
12,Healthy,0.0,0.0,0.0,0.0,0.0,0.0,0.0,0.0
13,Healthy,0.0,0.0,0.0,0.0,0.0,0.0,0.0,0.0
14,Healthy,0.010150375939849623,0.0,0.0,0.0,0.0,0.0,0.0,0.0
15,Healthy,0.0,0.0,0.0,0.0,0.0,0.0,0.0,0.0
16,Healthy,0.0,0.0,0.0,0.0,0.0,0.0,0.0,0.0
17,Healthy,0.0,0.0,0.0,0.0,0.0,0.0,0.0,0.0
18,Healthy,0.0,0.0,0.0,0.0,0.0,0.0,0.0,0.0
19,Healthy,0.0,0.0,0.0,0.0,0.0,0.0,0.0,0.0
20,Healthy,0.0,0.0,0.0,0.0,0.0,0.0,0.0,0.0
21,Healthy,0.0,0.0,0.0,0.0,0.0,0.0,0.0,0.0
22,Healthy,0.0,0.0,0.0,0.0,0.0,0.0,0.0,0.0
23,Healthy,0.0,0.0,0.0,0.0,0.0,0.0,0.0,0.0
24,Healthy,0.0,0.0,0.0,0.0,0.0,0.0,0.0,0.0
25,Healthy,0.0,0.0,0.0,0.0,0.0,0.0,0.0,0.0
26,Healthy,0.0,0.0,0.0,0.0,0.0,0.0,0.0,0.0
27,Healthy,0.0,0.0,0.0,0.0,0.0,0.0,0.0,0.0
28,Healthy,0.0,0.0,0.0,0.0,0.0,0.0,0.0,0.0
29,Healthy,0.0,0.0,0.0,0.0,0.0,0.0,0.0,0.0
30,Healthy,0.0,0.0,0.0,0.0,0.0,0.0,0.0,0.0
31,Healthy,0.0,0.0,0.0,0.0,0.0,0.0,0.0,0.0
32,Healthy,0.0,0.0,0.0,0.0,0.0,0.0,0.0,0.0
33,Healthy,0.0,0.0,0.0,0.0,0.0,0.0,0.0,0.0
34,Healthy,0.0,0.0,0.0,0.0,0.0,0.0,0.0,0.0
35,Healthy,0.0,0.0,0.0,0.0,0.0,0.0,0.0,0.0
36,Healthy,0.0,0.0,0.0,0.0,0.0,0.0,0.0,0.0
37,Healthy,0.0,0.0,0.0,0.0,0.0,0.0,0.0,0.0
38,Healthy,0.0,0.0,0.0,0.0,0.0,0.0,0.0,0.0
39,Healthy,0.0,0.0,0.0,0.0,0.0,0.0,0.0,0.0
40,Healthy,0.0,0.0,0.0,0.0,0.0,0.0,0.0,0.0
41,Healthy,0.0,0.0,0.0,0.0,0.0,0.0,0.0,0.0
42,Healthy,0.0,0.0,0.0,0.0,0.0,0.0,0.0,0.0
43,Healthy,0.0,0.0,0.0,0.0,0.0,0.0,0.0,0.0
44,Healthy,0.0,0.0,0.0,0.0,0.0,0.0,0.0,0.0
45,Healthy,0.0,0.0,0.0,0.0,0.0,0.0,0.0,0.0
46,Healthy,0.0,0.0,0.0,0.0,0.0,0.0,0.0,0.0
47,Healthy,0.0,0.0,0.0,0.0,0.0,0.0,0.0,0.0
48,Healthy,0.0,0.0,0.0,0.0,0.0,0.0,0.0,0.0
49,Healthy,0.0,0.0,0.0,0.0,0.0,0.0,0.0,0.0
50,Healthy,0.004511278195488721,0.0,0.0,0.0,0.0,0.0,0.0,0.0
51,Healthy,0.0,0.0,0.0,0.0,0.0,0.0,0.0,0.0
52,Healthy,0.0,0.0,0.0,0.0,0.0,0.0,0.0,0.0
53,Healthy,0.0,0.0,0.0,0.0,0.0,0.0,0.0,0.0
54,Healthy,0.0,0.0,0.0,0.0,0.0,0.0,0.0,0.0
55,Healthy,0.0,0.0,0.0,0.0,0.0,0.0,0.0,0.0
56,Healthy,0.0,0.0,0.0,0.0,0.0,0.0,0.0,0.0
57,Healthy,0.0,0.0,0.0,0.0,0.0,0.0,0.0,0.0
58,Healthy,0.0,0.0,0.0,0.0,0.0,0.0,0.0,0.0
59,Healthy,0.0,0.0,0.0,0.0,0.0,0.0,0.0,0.0
60,Healthy,0.0,0.0,0.0,0.0,0.0,0.0,0.0,0.0
61,Healthy,0.0,0.0,0.0,0.0,0.0,0.0,0.0,0.0
62,Healthy,0.0,0.0,0.0,0.0,0.0,0.0,0.0,0.0
63,Healthy,0.0,0.0,0.0,0.0,0.0,0.0,0.0,0.0
64,Healthy,0.0,0.0,0.0,0.0,0.0,0.0,0.0,0.0
65,Healthy,0.0,0.0,0.0,0.0,0.0,0.0,0.0,0.0
66,Healthy,0.0,0.0,0.0,0.0,0.0,0.0,0.0,0.0
67,Healthy,0.0,0.0,0.0,0.0,0.0,0.0,0.0,0.0
68,Healthy,0.0,0.0,0.0,0.0,0.0,0.0,0.0,0.0
69,Healthy,0.0,0.0,0.0,0.0,0.0,0.0,0.0,0.0
70,Healthy,0.0,0.0,0.0,0.0,0.0,0.0,0.0,0.0
71,Healthy,0.0,0.0,0.0,0.0,0.0,0.0,0.0,0.0
72,Healthy,0.0,0.0,0.0,0.0,0.0,0.0,0.0,0.0
73,Healthy,0.0,0.0,0.0,0.0,0.0,0.0,0.0,0.0
74,Healthy,0.0,0.0,0.0,0.0,0.0,0.0,0.0,0.0
75,Healthy,0.0,0.0,0.0,0.0,0.0,0.0,0.0,0.0
76,Healthy,0.0,0.0,0.0,0.0,0.0,0.0,0.0,0.0
77,Healthy,0.0,0.0,0.0,0.0,0.0,0.0,0.0,0.0
78,Healthy,0.0,0.0,0.0,0.0,0.0,0.0,0.0,0.0
79,Healthy,0.0,0.0,0.0,0.0,0.0,0.0,0.0,0.0
80,Healthy,0.0,0.0,0.0,0.0,0.0,0.0,0.0,0.0
81,Healthy,0.0,0.0,0.0,0.0,0.0,0.0,0.0,0.0
82,Healthy,0.0,0.0,0.0,0.0,0.0,0.0,0.0,0.0
83,Healthy,0.0,0.0,0.0,0.0,0.0,0.0,0.0,0.0
84,Healthy,0.0,0.0,0.0,0.0,0.0,0.0,0.0,0.0
85,Healthy,0.0,0.0,0.0,0.0,0.0,0.0,0.0,0.0
86,Healthy,0.0,0.0,0.0,0.0,0.0,0.0,0.0,0.0
87,Healthy,0.0,0.0,0.0,0.0,0.0,0.0,0.0,0.0
88,Healthy,0.0,0.0,0.0,0.0,0.0,0.0,0.0,0.0
89,Healthy,0.0,0.0,0.0,0.0,0.0,0.0,0.0,0.0
90,Healthy,0.0,0.0,0.0,0.0,0.0,0.0,0.0,0.0
91,Healthy,0.0,0.0,0.0,0.0,0.0,0.0,0.0,0.0
92,Healthy,0.0,0.0,0.0,0.0,0.0,0.0,0.0,0.0
93,Healthy,0.0,0.0,0.0,0.0,0.0,0.0,0.0,0.0
94,Healthy,0.0,0.0,0.0,0.0,0.0,0.0,0.0,0.0
95,Healthy,0.0,0.0,0.0,0.0,0.0,0.0,0.0,0.0
96,Healthy,0.0,0.0,0.0,0.0,0.0,0.0,0.0,0.0
97,Healthy,0.0,0.0,0.0,0.0,0.0,0.0,0.0,0.0
98,Healthy,0.0,0.0,0.0,0.0,0.0,0.0,0.0,0.0
99,Healthy,0.0,0.0,0.0,0.0,0.0,0.0,0.0,0.0
100,Healthy,0.0,0.0,0.0,0.0,0.0,0.0,0.0,0.0
101,Healthy,0.0,0.0,0.0,0.0,0.0,0.0,0.0,0.0
102,Healthy,0.0022556390977443606,0.0,0.0,0.0,0.0,0.0,0.0,0.0
103,Healthy,0.0,0.0,0.0,0.0,0.0,0.0,0.0,0.0
104,Healthy,0.0,0.0,0.0,0.0,0.0,0.0,0.0,0.0
105,Healthy,0.0,0.0,0.0,0.0,0.0,0.0,0.0,0.0
106,Healthy,0.0,0.0,0.0,0.0,0.0,0.0,0.0,0.0
107,Healthy,0.0,0.0,0.0,0.0,0.0,0.0,0.0,0.0
108,Healthy,0.0,0.0,0.0,0.0,0.0,0.0,0.0,0.0
109,Healthy,0.0,0.0,0.0,0.0,0.0,0.0,0.0,0.0
110,Healthy,0.0,0.0,0.0,0.0,0.0,0.0,0.0,0.0
111,Healthy,0.0,0.0,0.0,0.0,0.0,0.0,0.0,0.0
112,Healthy,0.0,0.0,0.0,0.0,0.0,0.0,0.0,0.0
113,Healthy,0.0011278195488721803,0.0,0.0,0.0,0.0,0.0,0.0,0.0
114,Healthy,0.0,0.0,0.0,0.0,0.0,0.0,0.0,0.0
115,Healthy,0.0,0.0,0.0,0.0,0.0,0.0,0.0,0.0
116,Healthy,0.0,0.0,0.0,0.0,0.0,0.0,0.0,0.0
117,Healthy,0.0,0.0,0.0,0.0,0.0,0.0,0.0,0.0
118,Healthy,0.0,0.0,0.0,0.0,0.0,0.0,0.0,0.0
119,Healthy,0.0,0.0,0.0,0.0,0.0,0.0,0.0,0.0
120,Healthy,0.0,0.0,0.0,0.0,0.0,0.0,0.0,0.0
121,Healthy,0.0,0.0,0.0,0.0,0.0,0.0,0.0,0.0
122,Healthy,0.0,0.0,0.0,0.0,0.0,0.0,0.0,0.0
123,Healthy,0.0,0.0,0.0,0.0,0.0,0.0,0.0,0.0
124,Healthy,0.007894736842105262,0.0,0.0,0.0,0.0,0.0,0.0,0.0
125,Healthy,0.0,0.0,0.0,0.0,0.0,0.0,0.0,0.0
126,Healthy,0.0,0.0,0.0,0.0,0.0,0.0,0.0,0.0
127,Healthy,0.0,0.0,0.0,0.0,0.0,0.0,0.0,0.0
128,Healthy,0.0,0.0,0.0,0.0,0.0,0.0,0.0,0.0
129,Healthy,0.0,0.0,0.0,0.0,0.0,0.0,0.0,0.0
130,Healthy,0.0,0.0,0.0,0.0,0.0,0.0,0.0,0.0
131,Healthy,0.0,0.0,0.0,0.0,0.0,0.0,0.0,0.0
132,Healthy,0.0,0.0,0.0,0.0,0.0,0.0,0.0,0.0
133,Healthy,0.0,0.0,0.0,0.0,0.0,0.0,0.0,0.0
134,Healthy,0.0,0.0,0.0,0.0,0.0,0.0,0.0,0.0
135,Healthy,0.0,0.0,0.0,0.0,0.0,0.0,0.0,0.0
136,Healthy,0.0,0.0,0.0,0.0,0.0,0.0,0.0,0.0
137,Healthy,0.0,0.0,0.0,0.0,0.0,0.0,0.0,0.0
138,Healthy,0.0,0.0,0.0,0.0,0.0,0.0,0.0,0.0
139,Healthy,0.0,0.0,0.0,0.0,0.0,0.0,0.0,0.0
140,Healthy,0.0,0.0,0.0,0.0,0.0,0.0,0.0,0.0
141,Healthy,0.0,0.0,0.0,0.0,0.0,0.0,0.0,0.0
142,Healthy,0.0,0.0,0.0,0.0,0.0,0.0,0.0,0.0
143,Healthy,0.0,0.0,0.0,0.0,0.0,0.0,0.0,0.0
144,Healthy,0.0,0.0,0.0,0.0,0.0,0.0,0.0,0.0
145,Healthy,0.0,0.0,0.0,0.0,0.0,0.0,0.0,0.0
146,Healthy,0.010150375939849623,0.0,0.0,0.0,0.0,0.0,0.0,0.0
147,Healthy,0.0,0.0,0.0,0.0,0.0,0.0,0.0,0.0
148,Healthy,0.0,0.0,0.0,0.0,0.0,0.0,0.0,0.0
149,Healthy,0.0,0.0,0.0,0.0,0.0,0.0,0.0,0.0
150,Healthy,0.0,0.0,0.0,0.0,0.0,0.0,0.0,0.0
151,Healthy,0.0,0.0,0.0,0.0,0.0,0.0,0.0,0.0
152,Healthy,0.0,0.0,0.0,0.0,0.0,0.0,0.0,0.0
153,Healthy,0.0022556390977443606,0.0,0.0,0.0,0.0,0.0,0.0,0.0
154,Healthy,0.0,0.0,0.0,0.0,0.0,0.0,0.0,0.0
155,Healthy,0.0,0.0,0.0,0.0,0.0,0.0,0.0,0.0
156,Healthy,0.0,0.0,0.0,0.0,0.0,0.0,0.0,0.0
157,Healthy,0.0,0.0,0.0,0.0,0.0,0.0,0.0,0.0
158,Healthy,0.0,0.0,0.0,0.0,0.0,0.0,0.0,0.0
159,Healthy,0.0,0.0,0.0,0.0,0.0,0.0,0.0,0.0
160,Healthy,0.0,0.0,0.0,0.0,0.0,0.0,0.0,0.0
161,Healthy,0.020300751879699246,0.0,0.0,0.0,0.0,0.0,0.0,0.0
162,Healthy,0.0,0.0,0.0,0.0,0.0,0.0,0.0,0.0
163,Healthy,0.0,0.0,0.0,0.0,0.0,0.0,0.0,0.0
164,Healthy,0.0,0.5,0.0,0.0,0.0,0.0,0.0,0.0
165,Healthy,0.0,0.0,0.0,0.0,0.0,0.0,0.0,0.0
166,Healthy,0.0,0.0,0.0,0.0,0.0,0.0,0.0,0.0
167,Healthy,0.0,0.0,0.0,0.0,0.0,0.0,0.0,0.0
168,Healthy,0.0,0.0,0.0,0.0,0.0,0.0,0.0,0.0
169,Healthy,0.0,0.0,0.0,0.0,0.0,0.0,0.0,0.0
170,Healthy,0.0,0.0,0.0,0.0,0.0,0.0,0.0,0.0
171,Healthy,0.0,0.0,0.0,0.0,0.0,0.0,0.0,0.0
172,Healthy,0.0,0.0,0.0,0.0,0.0,0.0,0.0,0.0
173,Healthy,0.0,0.0,0.0,0.0,0.0,0.0,0.0,0.0
174,Healthy,0.0,0.0,0.0,0.0,0.0,0.0,0.0,0.0
175,Healthy,0.0,0.0,0.0,0.0,0.0,0.0,0.0,0.0
176,Healthy,0.0,0.0,0.0,0.0,0.0,0.0,0.0,0.0
177,Healthy,0.0,0.0,0.0,0.0,0.0,0.0,0.0,0.0
178,Healthy,0.0,0.0,0.0,0.0,0.0,0.0,0.0,0.0
179,Healthy,0.0,0.0,0.0,0.0,0.0,0.0,0.0,0.0
180,Healthy,0.0,0.0,0.0,0.0,0.0,0.0,0.0,0.0
181,Healthy,0.0,0.0,0.0,0.0,0.0,0.0,0.0,0.0
182,Healthy,0.0,0.0,0.0,0.0,0.0,0.0,0.0,0.0
183,Healthy,0.0,0.0,0.0,0.0,0.0,0.0,0.0,0.0
184,Healthy,0.010150375939849623,0.0,0.0,0.0,0.0,0.0,0.0,0.0
185,Healthy,0.0,0.0,0.0,0.0,0.0,0.0,0.0,0.0
186,Healthy,0.0,0.0,0.0,0.0,0.0,0.0,0.0,0.0
187,Healthy,0.0,0.0,0.0,0.0,0.0,0.0,0.0,0.0
188,Healthy,0.0,0.0,0.0,0.0,0.0,0.0,0.0,0.0
189,Healthy,0.0,0.0,0.0,0.0,0.0,0.0,0.0,0.0
190,Healthy,0.0,0.0,0.0,0.0,0.0,0.0,0.0,0.0
191,Healthy,0.0,0.0,0.0,0.0,0.0,0.0,0.0,0.0
192,Healthy,0.0,0.0,0.0,0.0,0.0,0.0,0.0,0.0
193,Healthy,0.0022556390977443606,0.0,0.0,0.0,0.0,0.0,0.0,0.0
194,Healthy,0.0,0.0,0.0,0.0,0.0,0.0,0.0,0.0
195,Healthy,0.0,0.0,0.0,0.0,0.0,0.0,0.0,0.0
196,Healthy,0.0,0.0,0.0,0.0,0.0,0.0,0.0,0.0
197,Healthy,0.0,0.0,0.0,0.0,0.0,0.0,0.0,0.0
198,Healthy,0.0,0.0,0.0,0.0,0.0,0.0,0.0,0.0
199,Healthy,0.0,0.0,0.0,0.0,0.0,0.0,0.0,0.0
200,Healthy,0.0,0.0,0.0,0.0,0.0,0.0,0.0,0.0
201,Healthy,0.0,0.0,0.0,0.0,0.0,0.0,0.0,0.0
202,Healthy,0.0,0.0,0.0,0.0,0.0,0.0,0.0,0.0
203,Healthy,0.0,0.0,0.0,0.0,0.0,0.0,0.0,0.0
204,Healthy,0.0,0.0,0.0,0.0,0.0,0.0,0.0,0.0
205,Healthy,0.0,0.0,0.0,0.0,0.0,0.0,0.0,0.0
206,Healthy,0.0,0.0,0.0,0.0,0.0,0.0,0.0,0.0
207,Healthy,0.0,0.0,0.0,0.0,0.0,0.0,0.0,0.0
208,Healthy,0.0,0.0,0.0,0.0,0.0,0.0,0.0,0.0
209,Healthy,0.0,0.0,0.0,0.0,0.0,0.0,0.0,0.0
210,Healthy,0.0,0.0,0.0,0.0,0.0,0.0,0.0,0.0
211,Healthy,0.0,0.0,0.0,0.0,0.0,0.0,0.0,0.0
212,Healthy,0.0,0.0,0.0,0.0,0.0,0.0,0.0,0.0
213,Healthy,0.0,0.0,0.0,0.0,0.0,0.0,0.0,0.0
214,Healthy,0.0,0.0,0.0,0.0,0.0,0.0,0.0,0.0
215,Healthy,0.0,0.0,0.0,0.0,0.0,0.0,0.0,0.0
216,Healthy,0.0,0.0,0.0,0.0,0.0,0.0,0.0,0.0
217,Healthy,0.0011278195488721803,0.0,0.0,0.0,0.0,0.0,0.0,0.0
218,Healthy,0.0,0.0,0.0,0.0,0.0,0.0,0.0,0.0
219,Healthy,0.0,0.0,0.0,0.0,0.0,0.0,0.0,0.0
220,Healthy,0.0,0.0,0.0,0.0,0.0,0.0,0.0,0.0
221,Healthy,0.0,0.0,0.0,0.0,0.0,0.0,0.0,0.0
222,Healthy,0.0,0.0,0.0,0.0,0.0,0.0,0.0,0.0
223,Healthy,0.0,0.0,0.0,0.0,0.0,0.0,0.0,0.0
224,Healthy,0.0,0.0,0.0,0.0,0.0,0.0,0.0,0.0
225,Healthy,0.0,0.0,0.0,0.0,0.0,0.0,0.0,0.0
226,Healthy,0.0,0.0,0.0,0.0,0.0,0.0,0.0,0.0
227,Healthy,0.0,0.0,0.0,0.0,0.0,0.0,0.0,0.0
228,Healthy,0.0,0.0,0.0,0.0,0.0,0.0,0.0,0.0
229,Healthy,0.0,0.0,0.0,0.0,0.0,0.0,0.0,0.0
230,Healthy,0.0,0.0,0.0,0.0,0.0,0.0,0.0,0.0
231,Healthy,0.0,0.0,0.0,0.0,0.0,0.0,0.0,0.0
232,Healthy,0.0,0.0,0.0,0.0,0.0,0.0,0.0,0.0
233,Healthy,0.0,0.0,0.0,0.0,0.0,0.0,0.0,0.0
234,Healthy,0.0,0.0,0.0,0.0,0.0,0.0,0.0,0.0
235,Healthy,0.0,0.0,0.0,0.0,0.0,0.0,0.0,0.0
236,Healthy,0.0,0.0,0.0,0.0,0.0,0.0,0.0,0.0
237,Healthy,0.0,0.0,0.0,0.0,0.0,0.0,0.0,0.0
238,Healthy,0.0,0.0,0.0,0.0,0.0,0.0,0.0,0.0
239,Healthy,0.0,0.0,0.0,0.0,0.0,0.0,0.0,0.0
240,Healthy,0.0,0.0,0.0,0.0,0.0,0.0,0.0,0.0
241,Healthy,0.0,0.0,0.0,0.0,0.0,0.0,0.0,0.0
242,Healthy,0.0,0.0,0.0,0.0,0.0,0.0,0.0,0.0
243,Healthy,0.0,0.0,0.0,0.0,0.0,0.0,0.0,0.0
244,Healthy,0.0,0.0,0.0,0.0,0.0,0.0,0.0,0.0
245,Healthy,0.0,0.0,0.0,0.0,0.0,0.0,0.0,0.0
246,Healthy,0.0,0.0,0.0,0.0,0.0,0.0,0.0,0.0
247,Healthy,0.0,0.0,0.0,0.0,0.0,0.0,0.0,0.0
248,Healthy,0.0,0.0,0.0,0.0,0.0,0.0,0.0,0.0
249,Healthy,0.0,0.0,0.0,0.0,0.0,0.0,0.0,0.0
250,Healthy,0.0,0.0,0.0,0.0,0.0,0.0,0.0,0.0
251,Healthy,0.0,0.0,0.0,0.0,0.0,0.0,0.0,0.0
252,Healthy,0.0,0.0,0.0,0.0,0.0,0.0,0.0,0.0
253,Healthy,0.0,0.0,0.0,0.0,0.0,0.0,0.0,0.0
254,Healthy,0.0011278195488721803,0.0,0.0,0.0,0.0,0.0,0.0,0.0
255,Healthy,0.0,0.0,0.0,0.0,0.0,0.0,0.0,0.0
256,Healthy,0.0,0.0,0.0,0.0,0.0,0.0,0.0,0.0
257,Healthy,0.0,0.0,0.0,0.0,0.0,0.0,0.0,0.0
258,Healthy,0.0,0.0,0.0,0.0,0.0,0.0,0.0,0.0
259,Healthy,0.0,0.0,0.0,0.0,0.0,0.0,0.0,0.0
260,Healthy,0.0,0.0,0.0,0.0,0.0,0.0,0.0,0.0
261,Healthy,0.0,0.0,0.0,0.0,0.0,0.0,0.0,0.0
262,Healthy,0.0,0.0,0.0,0.0,0.0,0.0,0.0,0.0
263,Healthy,0.0,0.0,0.0,0.0,0.0,0.0,0.0,0.0
264,Healthy,0.0,0.0,0.0,0.0,0.0,0.0,0.0,0.0
265,Healthy,0.0,0.0,0.0,0.0,0.0,0.0,0.0,0.0
266,Healthy,0.003383458646616541,0.0,0.0,0.0,0.0,0.0,0.0,0.0
267,Healthy,0.0,0.0,0.0,0.0,0.0,0.0,0.0,0.0
268,Healthy,0.0,0.0,0.0,0.0,0.0,0.0,0.0,0.0
269,Healthy,0.0,0.0,0.0,0.0,0.0,0.0,0.0,0.0
270,Healthy,0.0,0.0,0.0,0.0,0.0,0.0,0.0,0.0
271,Healthy,0.0,0.0,0.0,0.0,0.0,0.0,0.0,0.0
272,Healthy,0.0,0.0,0.0,0.0,0.0,0.0,0.0,0.0
273,Healthy,0.0,0.0,0.0,0.0,0.0,0.0,0.0,0.0
274,Healthy,0.0,0.0,0.0,0.0,0.0,0.0,0.0,0.0
275,Healthy,0.0,0.0,0.0,0.0,0.0,0.0,0.0,0.0
276,Healthy,0.0,0.0,0.0,0.0,0.0,0.0,0.0,0.0
277,Healthy,0.0,0.0,0.0,0.0,0.0,0.0,0.0,0.0
278,Healthy,0.0022556390977443606,0.0,0.0,0.0,0.0,0.0,0.0,0.0
279,Healthy,0.0,0.0,0.0,0.0,0.0,0.0,0.0,0.0
280,Healthy,0.0,0.0,0.0,0.0,0.0,0.0,0.0,0.0
281,Healthy,0.0,0.0,0.0,0.0,0.0,0.0,0.0,0.0
282,Healthy,0.0,0.0,0.0,0.0,0.0,0.0,0.0,0.0
283,Healthy,0.0,0.0,0.0,0.0,0.0,0.0,0.0,0.0
284,Healthy,0.0,0.0,0.0,0.0,0.0,0.0,0.0,0.0
285,Healthy,0.0,0.0,0.0,0.0,0.0,0.0,0.0,0.0
286,Healthy,0.0,0.0,0.0,0.0,0.0,0.0,0.0,0.0
287,Healthy,0.0,0.0,0.0,0.0,0.0,0.0,0.0,0.0
288,Healthy,0.0,0.0,0.0,0.0,0.0,0.0,0.0,0.0
289,Healthy,0.0,0.0,0.0,0.0,0.0,0.0,0.0,0.0
290,Healthy,0.0,0.0,0.0,0.0,0.0,0.0,0.0,0.0
291,Healthy,0.0,0.0,0.0,0.0,0.0,0.0,0.0,0.0
292,Healthy,0.0,0.0,0.0,0.0,0.0,0.0,0.0,0.0
293,Healthy,0.0,0.0,0.0,0.0,0.0,0.0,0.0,0.0
294,Warning,0.18496240601503758,0.0,0.0,0.0,0.0,0.0,0.0,0.0
295,Healthy,0.0,0.0,0.0,0.0,0.0,0.0,0.0,0.0
296,Healthy,0.0,0.0,0.0,0.0,0.0,0.0,0.0,0.0
297,Healthy,0.0022556390977443606,0.0,0.0,0.0,0.0,0.0,0.0,0.0
298,Healthy,0.0,0.0,0.0,0.0,0.0,0.0,0.0,0.0
299,Healthy,0.0022556390977443606,0.0,0.0,0.0,0.0,0.0,0.0,0.0
300,Healthy,0.0,0.0,0.0,0.0,0.0,0.0,0.0,0.0
301,Healthy,0.0,0.0,0.0,0.0,0.0,0.0,0.0,0.0
302,Healthy,0.0,0.0,0.0,0.0,0.0,0.0,0.0,0.0
303,Healthy,0.0011278195488721803,0.0,0.0,0.0,0.0,0.0,0.0,0.0
304,Healthy,0.0,0.0,0.0,0.0,0.0,0.0,0.0,0.0
305,Healthy,0.0,0.0,0.0,0.0,0.0,0.0,0.0,0.0
306,Healthy,0.0,0.0,0.0,0.0,0.0,0.0,0.0,0.0
307,Healthy,0.0,0.0,0.0,0.0,0.0,0.0,0.0,0.0
308,Healthy,0.0,0.0,0.0,0.0,0.0,0.0,0.0,0.0
309,Healthy,0.0,0.0,0.0,0.0,0.0,0.0,0.0,0.0
310,Healthy,0.0,0.0,0.0,0.0,0.0,0.0,0.0,0.0
311,Healthy,0.0,0.0,0.0,0.0,0.0,0.0,0.0,0.0
312,Healthy,0.0,0.0,0.0,0.0,0.0,0.0,0.0,0.0
313,Healthy,0.0,0.0,0.0,0.0,0.0,0.0,0.0,0.0
314,Healthy,0.0,0.0,0.0,0.0,0.0,0.0,0.0,0.0
315,Healthy,0.0,0.0,0.0,0.0,0.0,0.0,0.0,0.0
316,Healthy,0.0,0.0,0.0,0.0,0.0,0.0,0.0,0.0
317,Healthy,0.0,0.0,0.0,0.0,0.0,0.0,0.0,0.0
318,Healthy,0.0,0.0,0.0,0.0,0.0,0.0,0.0,0.0
319,Healthy,0.0,0.0,0.0,0.0,0.0,0.0,0.0,0.0
320,Healthy,0.0,0.0,0.0,0.0,0.0,0.0,0.0,0.0
321,Healthy,0.0011278195488721803,0.0,0.0,0.0,0.0,0.0,0.0,0.0
322,Healthy,0.0,0.0,0.0,0.0,0.0,0.0,0.0,0.0
323,Healthy,0.0,0.0,0.0,0.0,0.0,0.0,0.0,0.0
324,Healthy,0.0,0.0,0.0,0.0,0.0,0.0,0.0,0.0
325,Healthy,0.0,0.0,0.0,0.0,0.0,0.0,0.0,0.0
326,Healthy,0.0,0.0,0.0,0.0,0.0,0.0,0.0,0.0
327,Healthy,0.0,0.0,0.0,0.0,0.0,0.0,0.0,0.0
328,Healthy,0.0,0.0,0.0,0.0,0.0,0.0,0.0,0.0
329,Healthy,0.0,0.0,0.0,0.0,0.0,0.0,0.0,0.0
330,Healthy,0.0,0.0,0.0,0.0,0.0,0.0,0.0,0.0
331,Healthy,0.0,0.0,0.0,0.0,0.0,0.0,0.0,0.0
332,Healthy,0.0,0.0,0.0,0.0,0.0,0.0,0.0,0.0
333,Healthy,0.0,0.0,0.0,0.0,0.0,0.0,0.0,0.0
334,Healthy,0.0,0.0,0.0,0.0,0.0,0.0,0.0,0.0
335,Healthy,0.0,0.0,0.0,0.0,0.0,0.0,0.0,0.0
336,Healthy,0.0,0.0,0.0,0.0,0.0,0.0,0.0,0.0
337,Healthy,0.0,0.0,0.0,0.0,0.0,0.0,0.0,0.0
338,Healthy,0.0,0.0,0.0,0.0,0.0,0.0,0.0,0.0
339,Healthy,0.0,0.0,0.0,0.0,0.0,0.0,0.0,0.0
340,Healthy,0.0,0.0,0.0,0.0,0.0,0.0,0.0,0.0
341,Healthy,0.0,0.0,0.0,0.0,0.0,0.0,0.0,0.0
342,Healthy,0.0,0.0,0.0,0.0,0.0,0.0,0.0,0.0
343,Healthy,0.0,0.0,0.0,0.0,0.0,0.0,0.0,0.0
344,Healthy,0.0,0.0,0.0,0.0,0.0,0.0,0.0,0.0
345,Healthy,0.0,0.0,0.0,0.0,0.0,0.0,0.0,0.0
346,Healthy,0.0,0.0,0.0,0.0,0.0,0.0,0.0,0.0
347,Healthy,0.0,0.0,0.0,0.0,0.0,0.0,0.0,0.0
348,Healthy,0.0,0.0,0.0,0.0,0.0,0.0,0.0,0.0
349,Healthy,0.0,0.0,0.0,0.0,0.0,0.0,0.0,0.0
350,Healthy,0.0,0.0,0.0,0.0,0.0,0.0,0.0,0.0
351,Healthy,0.0,0.0,0.0,0.0,0.0,0.0,0.0,0.0
352,Healthy,0.0,0.0,0.0,0.0,0.0,0.0,0.0,0.0
353,Healthy,0.0,0.0,0.0,0.0,0.0,0.0,0.0,0.0
354,Healthy,0.0,0.0,0.0,0.0,0.0,0.0,0.0,0.0
355,Healthy,0.0,0.0,0.0,0.0,0.0,0.0,0.0,0.0
356,Healthy,0.0,0.0,0.0,0.0,0.0,0.0,0.0,0.0
357,Healthy,0.0,0.0,0.0,0.0,0.0,0.0,0.0,0.0
358,Healthy,0.0,0.0,0.0,0.0,0.0,0.0,0.0,0.0
359,Healthy,0.0,0.0,0.0,0.0,0.0,0.0,0.0,0.0
360,Healthy,0.0,0.0,0.0,0.0,0.0,0.0,0.0,0.0
361,Healthy,0.0,0.0,0.0,0.0,0.0,0.0,0.0,0.0
362,Healthy,0.0,0.0,0.0,0.0,0.0,0.0,0.0,0.0
363,Healthy,0.0,0.0,0.0,0.0,0.0,0.0,0.0,0.0
364,Healthy,0.0,0.0,0.0,0.0,0.0,0.0,0.0,0.0
365,Healthy,0.0,0.0,0.0,0.0,0.0,0.0,0.0,0.0
366,Healthy,0.0,0.0,0.0,0.0,0.0,0.0,0.0,0.0
367,Healthy,0.0,0.0,0.0,0.0,0.0,0.0,0.0,0.0
368,Healthy,0.0,0.0,0.0,0.0,0.0,0.0,0.0,0.0
369,Healthy,0.0,0.0,0.0,0.0,0.0,0.0,0.0,0.0
370,Healthy,0.0,0.0,0.0,0.0,0.0,0.0,0.0,0.0
371,Healthy,0.0,0.0,0.0,0.0,0.0,0.0,0.0,0.0
372,Healthy,0.0,0.0,0.0,0.0,0.0,0.0,0.0,0.0
373,Healthy,0.0,0.0,0.0,0.0,0.0,0.0,0.0,0.0
374,Healthy,0.0,0.0,0.0,0.0,0.0,0.0,0.0,0.0
375,Healthy,0.0,0.0,0.0,0.0,0.0,0.0,0.0,0.0
376,Healthy,0.0,0.0,0.0,0.0,0.0,0.0,0.0,0.0
377,Healthy,0.0,0.0,0.0,0.0,0.0,0.0,0.0,0.0
378,Healthy,0.0,0.0,0.0,0.0,0.0,0.0,0.0,0.0
379,Healthy,0.0,0.0,0.0,0.0,0.0,0.0,0.0,0.0
380,Healthy,0.0,0.0,0.0,0.0,0.0,0.0,0.0,0.0
381,Healthy,0.0,0.0,0.0,0.0,0.0,0.0,0.0,0.0
382,Healthy,0.0,0.0,0.0,0.0,0.0,0.0,0.0,0.0
383,Healthy,0.0,0.0,0.0,0.0,0.0,0.0,0.0,0.0
384,Healthy,0.0,0.0,0.0,0.0,0.0,0.0,0.0,0.0
385,Healthy,0.0,0.0,0.0,0.0,0.0,0.0,0.0,0.0
386,Healthy,0.0,0.0,0.0,0.0,0.0,0.0,0.0,0.0
387,Healthy,0.0,0.0,0.0,0.0,0.0,0.0,0.0,0.0
388,Healthy,0.0,0.0,0.0,0.0,0.0,0.0,0.0,0.0
389,Healthy,0.0,0.0,0.0,0.0,0.0,0.0,0.0,0.0
390,Healthy,0.0,0.0,0.0,0.0,0.0,0.0,0.0,0.0
391,Healthy,0.0,0.0,0.0,0.0,0.0,0.0,0.0,0.0
392,Healthy,0.0,0.0,0.0,0.0,0.0,0.0,0.0,0.0
393,Healthy,0.0,0.0,0.0,0.0,0.0,0.0,0.0,0.0
394,Healthy,0.0,0.0,0.0,0.0,0.0,0.0,0.0,0.0
395,Healthy,0.0,0.0,0.0,0.0,0.0,0.0,0.0,0.0
396,Healthy,0.0,0.0,0.0,0.0,0.0,0.0,0.0,0.0
397,Healthy,0.0,0.0,0.0,0.0,0.0,0.0,0.0,0.0
398,Healthy,0.0,0.0,0.0,0.0,0.0,0.0,0.0,0.0
399,Healthy,0.0,0.0,0.0,0.0,0.0,0.0,0.0,0.0
400,Healthy,0.0,0.0,0.0,0.0,0.0,0.0,0.0,0.0
401,Healthy,0.0,0.0,0.0,0.0,0.0,0.0,0.0,0.0
402,Healthy,0.0,0.0,0.0,0.0,0.0,0.0,0.0,0.0
403,Healthy,0.0,0.0,0.0,0.0,0.0,0.0,0.0,0.0
404,Healthy,0.0,0.0,0.0,0.0,0.0,0.0,0.0,0.0
405,Healthy,0.0,0.0,0.0,0.0,0.0,0.0,0.0,0.0
406,Healthy,0.0,0.0,0.0,0.0,0.0,0.0,0.0,0.0
407,Healthy,0.0,0.0,0.0,0.0,0.0,0.0,0.0,0.0
408,Healthy,0.006766917293233082,0.0,0.0,0.0,0.0,0.0,0.0,0.0
409,Healthy,0.0,0.0,0.0,0.0,0.0,0.0,0.0,0.0
410,Healthy,0.0,0.0,0.0,0.0,0.0,0.0,0.0,0.0
411,Healthy,0.0,0.0,0.0,0.0,0.0,0.0,0.0,0.0
412,Healthy,0.0,0.0,0.0,0.0,0.0,0.0,0.0,0.0
413,Healthy,0.0,0.0,0.0,0.0,0.0,0.0,0.0,0.0
414,Healthy,0.0,0.0,0.0,0.0,0.0,0.0,0.0,0.0
415,Healthy,0.0,0.0,0.0,0.0,0.0,0.0,0.0,0.0
416,Healthy,0.0,0.0,0.0,0.0,0.0,0.0,0.0,0.0
417,Healthy,0.0,0.0,0.0,0.0,0.0,0.0,0.0,0.0
418,Healthy,0.0,0.0,0.0,0.0,0.0,0.0,0.0,0.0
419,Healthy,0.0,0.0,0.0,0.0,0.0,0.0,0.0,0.0
420,Healthy,0.0,0.0,0.0,0.0,0.0,0.0,0.0,0.0
421,Healthy,0.0,0.0,0.0,0.0,0.0,0.0,0.0,0.0
422,Healthy,0.0,0.0,0.0,0.0,0.0,0.0,0.0,0.0
423,Healthy,0.0,0.0,0.0,0.0,0.0,0.0,0.0,0.0
424,Healthy,0.010150375939849623,0.0,0.0,0.0,0.0,0.0,0.0,0.0
425,Healthy,0.0,0.0,0.0,0.0,0.0,0.0,0.0,0.0
426,Healthy,0.0,0.0,0.0,0.0,0.0,0.0,0.0,0.0
427,Healthy,0.0,0.0,0.0,0.0,0.0,0.0,0.0,0.0
428,Healthy,0.0,0.0,0.0,0.0,0.0,0.0,0.0,0.0
429,Healthy,0.0,0.0,0.0,0.0,0.0,0.0,0.0,0.0
430,Healthy,0.0022556390977443606,0.0,0.0,0.0,0.0,0.0,0.0,0.0
431,Healthy,0.0,0.0,0.0,0.0,0.0,0.0,0.0,0.0
432,Healthy,0.0,0.0,0.0,0.0,0.0,0.0,0.0,0.0
433,Healthy,0.0,0.0,0.0,0.0,0.0,0.0,0.0,0.0
434,Healthy,0.0,0.0,0.0,0.0,0.0,0.0,0.0,0.0
435,Healthy,0.0,0.0,0.0,0.0,0.0,0.0,0.0,0.0
436,Healthy,0.0,0.0,0.0,0.0,0.0,0.0,0.0,0.0
437,Healthy,0.0,0.0,0.0,0.0,0.0,0.0,0.0,0.0
438,Healthy,0.0,0.0,0.0,0.0,0.0,0.0,0.0,0.0
439,Healthy,0.0,0.0,0.0,0.0,0.0,0.0,0.0,0.0
440,Healthy,0.0,0.0,0.0,0.0,0.0,0.0,0.0,0.0
441,Healthy,0.0,0.0,0.0,0.0,0.0,0.0,0.0,0.0
442,Healthy,0.0,0.0,0.0,0.0,0.0,0.0,0.0,0.0
443,Healthy,0.015789473684210523,0.0,0.0,0.0,0.0,0.0,0.0,0.0
444,Healthy,0.0,0.0,0.0,0.0,0.0,0.0,0.0,0.0
445,Healthy,0.0,0.0,0.0,0.0,0.0,0.0,0.0,0.0
446,Healthy,0.0,0.0,0.0,0.0,0.0,0.0,0.0,0.0
447,Healthy,0.0,0.0,0.0,0.0,0.0,0.0,0.0,0.0
448,Healthy,0.0,0.0,0.0,0.0,0.0,0.0,0.0,0.0
449,Healthy,0.0,0.0,0.0,0.0,0.0,0.0,0.0,0.0
450,Healthy,0.0,0.0,0.0,0.0,0.0,0.0,0.0,0.0
451,Healthy,0.0,0.0,0.0,0.0,0.0,0.0,0.0,0.0
452,Healthy,0.0,0.0,0.0,0.0,0.0,0.0,0.0,0.0
453,Healthy,0.0,0.0,0.0,0.0,0.0,0.0,0.0,0.0
454,Healthy,0.0,0.0,0.0,0.0,0.0,0.0,0.0,0.0
455,Healthy,0.0,0.0,0.0,0.0,0.0,0.0,0.0,0.0
456,Healthy,0.0,0.0,0.0,0.0,0.0,0.0,0.0,0.0
457,Healthy,0.0,0.0,0.0,0.0,0.0,0.0,0.0,0.0
458,Healthy,0.0,0.0,0.0,0.0,0.0,0.0,0.0,0.0
459,Healthy,0.0,0.0,0.0,0.0,0.0,0.0,0.0,0.0
460,Healthy,0.0,0.0,0.0,0.0,0.0,0.0,0.0,0.0
461,Healthy,0.0,0.0,0.0,0.0,0.0,0.0,0.0,0.0
462,Healthy,0.0,0.0,0.0,0.0,0.0,0.0,0.0,0.0
463,Healthy,0.0,0.0,0.0,0.0,0.0,0.0,0.0,0.0
464,Healthy,0.0,0.0,0.0,0.0,0.0,0.0,0.0,0.0
465,Healthy,0.0,0.0,0.0,0.0,0.0,0.0,0.0,0.0
466,Healthy,0.0,0.0,0.0,0.0,0.0,0.0,0.0,0.0
467,Healthy,0.0,0.0,0.0,0.0,0.0,0.0,0.0,0.0
468,Healthy,0.0,0.0,0.0,0.0,0.0,0.0,0.0,0.0
469,Healthy,0.0,0.0,0.0,0.0,0.0,0.0,0.0,0.0
470,Healthy,0.0,0.0,0.0,0.0,0.0,0.0,0.0,0.0
471,Healthy,0.0,0.0,0.0,0.0,0.0,0.0,0.0,0.0
472,Healthy,0.0575187969924812,0.0,0.0,0.0,0.0,0.0,0.0,0.0
473,Healthy,0.005639097744360902,0.0,0.0,0.0,0.0,0.0,0.0,0.0
474,Healthy,0.0,0.0,0.0,0.0,0.0,0.0,0.0,0.0
475,Healthy,0.0,0.0,0.0,0.0,0.0,0.0,0.0,0.0
476,Healthy,0.0,0.0,0.0,0.0,0.0,0.0,0.0,0.0
477,Healthy,0.0,0.0,0.0,0.0,0.0,0.0,0.0,0.0
478,Healthy,0.0,0.0,0.0,0.0,0.0,0.0,0.0,0.0
479,Healthy,0.0,0.0,0.0,0.0,0.0,0.0,0.0,0.0
480,Healthy,0.0,0.0,0.0,0.0,0.0,0.0,0.0,0.0
481,Healthy,0.0,0.0,0.0,0.0,0.0,0.0,0.0,0.0
482,Healthy,0.0,0.0,0.0,0.0,0.0,0.0,0.0,0.0
483,Healthy,0.0,0.0,0.0,0.0,0.0,0.0,0.0,0.0
484,Healthy,0.0,0.0,0.0,0.0,0.0,0.0,0.0,0.0
485,Healthy,0.0,0.0,0.0,0.0,0.0,0.0,0.0,0.0
486,Healthy,0.0,0.0,0.0,0.0,0.0,0.0,0.0,0.0
487,Healthy,0.0,0.0,0.0,0.0,0.0,0.0,0.0,0.0
488,Healthy,0.0,0.0,0.0,0.0,0.0,0.0,0.0,0.0
489,Healthy,0.0,0.0,0.0,0.0,0.0,0.0,0.0,0.0
490,Healthy,0.0,0.0,0.0,0.0,0.0,0.0,0.0,0.0
491,Healthy,0.0,0.0,0.0,0.0,0.0,0.0,0.0,0.0
492,Healthy,0.0,0.0,0.0,0.0,0.0,0.0,0.0,0.0
493,Healthy,0.0,0.0,0.0,0.0,0.0,0.0,0.0,0.0
494,Healthy,0.0,0.0,0.0,0.0,0.0,0.0,0.0,0.0
495,Healthy,0.0,0.0,0.0,0.0,0.0,0.0,0.0,0.0
496,Healthy,0.0,0.0,0.0,0.0,0.0,0.0,0.0,0.0
497,Healthy,0.0,0.0,0.0,0.0,0.0,0.0,0.0,0.0
498,Healthy,0.0,0.0,0.0,0.0,0.0,0.0,0.0,0.0
499,Healthy,0.0,0.0,0.0,0.0,0.0,0.0,0.0,0.0
500,Healthy,0.0,0.0,0.0,0.0,0.0,0.0,0.0,0.0
501,Healthy,0.0,0.0,0.0,0.0,0.0,0.0,0.0,0.0
502,Healthy,0.0,0.0,0.0,0.0,0.0,0.0,0.0,0.0
503,Healthy,0.0,0.0,0.0,0.0,0.0,0.0,0.0,0.0
504,Healthy,0.04774436090225564,0.0,0.0,0.0,0.0,0.0,0.0,0.0
505,Healthy,0.0,0.0,0.0,0.0,0.0,0.0,0.0,0.0
506,Healthy,0.0,0.0,0.0,0.0,0.0,0.0,0.0,0.0
507,Healthy,0.0,0.0,0.0,0.0,0.0,0.0,0.0,0.0
508,Healthy,0.0,0.0,0.0,0.0,0.0,0.0,0.0,0.0
509,Healthy,0.1007518796992481,0.0,0.0,0.0,0.0,0.0,0.0,0.0
510,Healthy,0.051127819548872175,0.0,0.0,0.0,0.0,0.0,0.0,0.0
511,Warning,0.26052631578947366,0.0,0.0,0.0,0.0,0.0,0.0,0.0
512,Healthy,0.027443609022556388,0.0,0.0,0.0,0.0,0.0,0.0,0.0
513,Warning,0.22368421052631576,0.0,0.0,0.0,0.0,0.0,0.0,0.0
514,Critical,0.5169172932330827,0.0,0.0,0.0,0.0,0.0,0.0,0.0
515,Healthy,0.034586466165413526,0.0,0.0,0.0,0.0,0.0,0.0,0.0
516,Critical,0.6864661654135338,0.0,0.0,0.0,0.0,0.0,0.0,0.0
517,Critical,0.6868421052631578,0.0,0.0,0.0,0.0,0.0,0.0,0.0
518,Critical,0.6921052631578947,0.0,0.0,0.0,0.0,0.0,0.0,0.0
519,Critical,0.6947368421052631,0.0,0.0,0.0,0.0,0.0,0.0,0.0
520,Critical,0.6894736842105262,0.0,0.0,0.0,0.0,0.0,0.0,0.0
521,Critical,0.6973684210526315,0.0,0.0,0.0,0.0,0.0,0.0,0.0
522,Critical,0.7,0.0,0.0,0.0,0.0,0.0,0.0,0.0
523,Critical,0.7,0.0,0.0,0.0,0.0,0.0,0.0,0.0
524,Critical,0.7,0.0,0.0,0.0,0.0,0.0,0.0,0.0
525,Critical,0.7,0.0,0.0,0.0,0.0,0.0,0.0,0.0
526,Critical,0.7,0.0,0.0,0.0,0.0,0.0,0.0,0.0
527,Critical,0.7,0.0,0.0,0.0,0.0,0.0,0.0,0.0
528,Critical,0.7,0.0,0.0,0.0,0.0,0.0,0.0,0.0
529,Critical,0.6729323308270676,0.0,0.0,0.0,0.0,0.0,0.0,0.0
530,Critical,0.7,0.0,0.0,0.0,0.0,0.0,0.0,0.0
531,Critical,0.7,0.0,0.0,0.0,0.0,0.0,0.0,0.0
532,Critical,0.7,0.0,0.0,0.0,0.0,0.0,0.0,0.0
533,Critical,0.7,0.0,0.0,0.0,0.0,0.0,0.0,0.0
534,Critical,0.7,0.0,0.0,0.0,0.0,0.0,0.0,0.0
535,Critical,0.7,0.0,0.0,0.0,0.0,0.0,0.0,0.0
536,Critical,0.7,0.0,0.0,0.0,0.0,0.0,0.0,0.0
537,Critical,0.6864661654135338,0.0,0.0,0.0,0.0,0.0,0.0,0.0
538,Critical,0.7,0.0,0.0,0.0,0.0,0.0,0.0,0.0
539,Critical,0.7,0.0,0.0,0.0,0.0,0.0,0.0,0.0
540,Critical,0.7,0.0,0.0,0.0,0.0,0.0,0.0,0.0
541,Critical,0.7,0.0,0.0,0.0,0.0,0.0,0.0,0.0
542,Critical,0.7,0.0,0.0,0.0,0.0,0.0,0.0,0.0
543,Critical,0.7,0.0,0.0,0.0,0.0,0.0,0.0,0.0
544,Critical,0.7,0.0,0.0,0.0,0.0,0.0,0.0,0.0
545,Critical,0.7,0.0,0.0,0.0,0.0,0.0,0.0,0.0
546,Critical,0.7,0.0,0.0,0.0,0.0,0.0,0.0,0.0
547,Critical,0.7,0.0,0.0,0.0,0.0,0.0,0.0,0.0
548,Critical,0.7,0.0,0.0,0.0,0.0,0.0,0.0,0.0
549,Critical,0.7,0.0,0.0,0.0,0.0,0.0,0.0,0.0
550,Healthy,0.015789473684210523,0.0,0.0,0.0,0.0,0.0,0.0,0.0
551,Healthy,0.010526315789473682,0.0,0.0,0.0,0.0,0.0,0.0,0.0
552,Healthy,0.010526315789473682,0.0,0.0,0.0,0.0,0.0,0.0,0.0
553,Healthy,0.0026315789473684206,0.0,0.0,0.0,0.0,0.0,0.0,0.0
554,Healthy,0.0,0.0,0.0,0.0,0.0,0.0,0.0,0.0
555,Healthy,0.003383458646616541,0.0,0.0,0.0,0.0,0.0,0.0,0.0
556,Healthy,0.0,0.0,0.0,0.0,0.0,0.0,0.0,0.0
557,Healthy,0.0,0.0,0.0,0.0,0.0,0.0,0.0,0.0
558,Healthy,0.0,0.0,0.0,0.0,0.0,0.0,0.0,0.0
559,Healthy,0.0,0.0,0.0,0.0,0.0,0.0,0.0,0.0
560,Healthy,0.0011278195488721803,0.0,0.0,0.0,0.0,0.0,0.0,0.0
561,Healthy,0.0,0.0,0.0,0.0,0.0,0.0,0.0,0.0
562,Healthy,0.0,0.0,0.0,0.0,0.0,0.0,0.0,0.0
563,Healthy,0.0,0.0,0.0,0.0,0.0,0.0,0.0,0.0
564,Healthy,0.0,0.0,0.0,0.0,0.0,0.0,0.0,0.0
565,Healthy,0.0,0.0,0.0,0.0,0.0,0.0,0.0,0.0
566,Healthy,0.0,0.0,0.0,0.0,0.0,0.0,0.0,0.0
567,Healthy,0.0,0.0,0.0,0.0,0.0,0.0,0.0,0.0
568,Healthy,0.0,0.0,0.0,0.0,0.0,0.0,0.0,0.0
569,Healthy,0.0,0.0,0.0,0.0,0.0,0.0,0.0,0.0
570,Healthy,0.011278195488721804,0.0,0.0,0.0,0.0,0.0,0.0,0.0
571,Healthy,0.0,0.0,0.0,0.0,0.0,0.0,0.0,0.0
572,Healthy,0.0,0.0,0.0,0.0,0.0,0.0,0.0,0.0
573,Healthy,0.0,0.0,0.0,0.0,0.0,0.0,0.0,0.0
574,Healthy,0.0,0.0,0.0,0.0,0.0,0.0,0.0,0.0
575,Healthy,0.0,0.0,0.0,0.0,0.0,0.0,0.0,0.0
576,Healthy,0.0,0.0,0.0,0.0,0.0,0.0,0.0,0.0
577,Healthy,0.0,0.0,0.0,0.0,0.0,0.0,0.0,0.0
578,Healthy,0.0,0.0,0.0,0.0,0.0,0.0,0.0,0.0
579,Healthy,0.0,0.0,0.0,0.0,0.0,0.0,0.0,0.0
580,Healthy,0.0,0.0,0.0,0.0,0.0,0.0,0.0,0.0
581,Healthy,0.0,0.0,0.0,0.0,0.0,0.0,0.0,0.0
582,Healthy,0.0,0.0,0.0,0.0,0.0,0.0,0.0,0.0
583,Healthy,0.0,0.0,0.0,0.0,0.0,0.0,0.0,0.0
584,Healthy,0.0,0.0,0.0,0.0,0.0,0.0,0.0,0.0
585,Healthy,0.0,0.0,0.0,0.0,0.0,0.0,0.0,0.0
586,Healthy,0.0,0.0,0.0,0.0,0.0,0.0,0.0,0.0
587,Healthy,0.0,0.0,0.0,0.0,0.0,0.0,0.0,0.0
588,Healthy,0.0011278195488721803,0.0,0.0,0.0,0.0,0.0,0.0,0.0
589,Healthy,0.0,0.0,0.0,0.0,0.0,0.0,0.0,0.0
590,Healthy,0.0,0.0,0.0,0.0,0.0,0.0,0.0,0.0
591,Healthy,0.0,0.0,0.0,0.0,0.0,0.0,0.0,0.0
592,Healthy,0.0,0.0,0.0,0.0,0.0,0.0,0.0,0.0
593,Healthy,0.0,0.0,0.0,0.0,0.0,0.0,0.0,0.0
594,Healthy,0.0,0.0,0.0,0.0,0.0,0.0,0.0,0.0
595,Healthy,0.0,0.0,0.0,0.0,0.0,0.0,0.0,0.0
596,Healthy,0.0,0.0,0.0,0.0,0.0,0.0,0.0,0.0
597,Healthy,0.0,0.0,0.0,0.0,0.0,0.0,0.0,0.0
598,Healthy,0.015789473684210523,0.0,0.0,0.0,0.0,0.0,0.0,0.0
599,Healthy,0.0,0.0,0.0,0.0,0.0,0.0,0.0,0.0
600,Healthy,0.0,0.0,0.0,0.0,0.0,0.0,0.0,0.0
601,Healthy,0.0,0.0,0.0,0.0,0.0,0.0,0.0,0.0
602,Healthy,0.0,0.0,0.0,0.0,0.0,0.0,0.0,0.0
603,Healthy,0.0,0.0,0.0,0.0,0.0,0.0,0.0,0.0
604,Healthy,0.0,0.0,0.0,0.0,0.0,0.0,0.0,0.0
605,Healthy,0.0,0.0,0.0,0.0,0.0,0.0,0.0,0.0
606,Healthy,0.0,0.0,0.0,0.0,0.0,0.0,0.0,0.0
607,Healthy,0.0,0.0,0.0,0.0,0.0,0.0,0.0,0.0
608,Healthy,0.0,0.0,0.0,0.0,0.0,0.0,0.0,0.0
609,Healthy,0.0,0.0,0.0,0.0,0.0,0.0,0.0,0.0
610,Healthy,0.0,0.0,0.0,0.0,0.0,0.0,0.0,0.0
611,Healthy,0.0,0.0,0.0,0.0,0.0,0.0,0.0,0.0
612,Healthy,0.0,0.0,0.0,0.0,0.0,0.0,0.0,0.0
613,Healthy,0.0,0.0,0.0,0.0,0.0,0.0,0.0,0.0
614,Healthy,0.0,0.0,0.0,0.0,0.0,0.0,0.0,0.0
615,Healthy,0.0,0.0,0.0,0.0,0.0,0.0,0.0,0.0
616,Healthy,0.0,0.0,0.0,0.0,0.0,0.0,0.0,0.0
617,Healthy,0.0,0.0,0.0,0.0,0.0,0.0,0.0,0.0
618,Healthy,0.0011278195488721803,0.0,0.0,0.0,0.0,0.0,0.0,0.0
619,Healthy,0.0,0.0,0.0,0.0,0.0,0.0,0.0,0.0
620,Healthy,0.0,0.0,0.0,0.0,0.0,0.0,0.0,0.0
621,Healthy,0.0,0.0,0.0,0.0,0.0,0.0,0.0,0.0
622,Healthy,0.0,0.0,0.0,0.0,0.0,0.0,0.0,0.0
623,Healthy,0.0,0.0,0.0,0.0,0.0,0.0,0.0,0.0
624,Healthy,0.0,0.0,0.0,0.0,0.0,0.0,0.0,0.0
625,Healthy,0.0,0.0,0.0,0.0,0.0,0.0,0.0,0.0
626,Healthy,0.0,0.0,0.0,0.0,0.0,0.0,0.0,0.0
627,Healthy,0.0,0.0,0.0,0.0,0.0,0.0,0.0,0.0
628,Healthy,0.0,0.0,0.0,0.0,0.0,0.0,0.0,0.0
629,Healthy,0.0,0.0,0.0,0.0,0.0,0.0,0.0,0.0
630,Healthy,0.0,0.0,0.0,0.0,0.0,0.0,0.0,0.0
631,Healthy,0.0,0.0,0.0,0.0,0.0,0.0,0.0,0.0
632,Healthy,0.0,0.0,0.0,0.0,0.0,0.0,0.0,0.0
633,Healthy,0.0,0.0,0.0,0.0,0.0,0.0,0.0,0.0
634,Healthy,0.0,0.0,0.0,0.0,0.0,0.0,0.0,0.0
635,Healthy,0.0,0.0,0.0,0.0,0.0,0.0,0.0,0.0
636,Healthy,0.013533834586466164,0.0,0.0,0.0,0.0,0.0,0.0,0.0
637,Healthy,0.0,0.0,0.0,0.0,0.0,0.0,0.0,0.0
638,Healthy,0.0,0.0,0.0,0.0,0.0,0.0,0.0,0.0
639,Healthy,0.003383458646616541,0.0,0.0,0.0,0.0,0.0,0.0,0.0
640,Healthy,0.0,0.0,0.0,0.0,0.0,0.0,0.0,0.0
641,Healthy,0.0,0.0,0.0,0.0,0.0,0.0,0.0,0.0
642,Healthy,0.0,0.0,0.0,0.0,0.0,0.0,0.0,0.0
643,Healthy,0.0,0.0,0.0,0.0,0.0,0.0,0.0,0.0
644,Healthy,0.0,0.0,0.0,0.0,0.0,0.0,0.0,0.0
645,Healthy,0.0,0.0,0.0,0.0,0.0,0.0,0.0,0.0
646,Healthy,0.0,0.0,0.0,0.0,0.0,0.0,0.0,0.0
647,Healthy,0.0,0.0,0.0,0.0,0.0,0.0,0.0,0.0
648,Healthy,0.0,0.0,0.0,0.0,0.0,0.0,0.0,0.0
649,Healthy,0.0,0.0,0.0,0.0,0.0,0.0,0.0,0.0
650,Healthy,0.0,0.0,0.0,0.0,0.0,0.0,0.0,0.0
651,Healthy,0.018045112781954885,0.0,0.0,0.0,0.0,0.0,0.0,0.0
652,Healthy,0.0,0.0,0.0,0.0,0.0,0.0,0.0,0.0
653,Healthy,0.0,0.0,0.0,0.0,0.0,0.0,0.0,0.0
654,Healthy,0.0,0.0,0.0,0.0,0.0,0.0,0.0,0.0
655,Healthy,0.0,0.0,0.0,0.0,0.0,0.0,0.0,0.0
656,Healthy,0.0,0.0,0.0,0.0,0.0,0.0,0.0,0.0
657,Healthy,0.0,0.0,0.0,0.0,0.0,0.0,0.0,0.0
658,Healthy,0.0,0.0,0.0,0.0,0.0,0.0,0.0,0.0
659,Healthy,0.0,0.0,0.0,0.0,0.0,0.0,0.0,0.0
660,Healthy,0.0,0.0,0.0,0.0,0.0,0.0,0.0,0.0
661,Healthy,0.0,0.0,0.0,0.0,0.0,0.0,0.0,0.0
662,Healthy,0.0,0.0,0.0,0.0,0.0,0.0,0.0,0.0
663,Healthy,0.0,0.0,0.0,0.0,0.0,0.0,0.0,0.0
664,Healthy,0.0,0.0,0.0,0.0,0.0,0.0,0.0,0.0
665,Healthy,0.0,0.0,0.0,0.0,0.0,0.0,0.0,0.0
666,Healthy,0.0,0.0,0.0,0.0,0.0,0.0,0.0,0.0
667,Healthy,0.0,0.0,0.0,0.0,0.0,0.0,0.0,0.0
668,Healthy,0.0,0.0,0.0,0.0,0.0,0.0,0.0,0.0
669,Healthy,0.0,0.0,0.0,0.0,0.0,0.0,0.0,0.0
670,Healthy,0.0,0.0,0.0,0.0,0.0,0.0,0.0,0.0
671,Healthy,0.0,0.0,0.0,0.0,0.0,0.0,0.0,0.0
672,Healthy,0.0,0.0,0.0,0.0,0.0,0.0,0.0,0.0
673,Healthy,0.0,0.0,0.0,0.0,0.0,0.0,0.0,0.0
674,Healthy,0.0,0.0,0.0,0.0,0.0,0.0,0.0,0.0
675,Healthy,0.0,0.0,0.0,0.0,0.0,0.0,0.0,0.0
676,Healthy,0.0,0.0,0.0,0.0,0.0,0.0,0.0,0.0
677,Healthy,0.0,0.0,0.0,0.0,0.0,0.0,0.0,0.0
678,Healthy,0.0,0.0,0.0,0.0,0.0,0.0,0.0,0.0
679,Healthy,0.0,0.0,0.0,0.0,0.0,0.0,0.0,0.0
680,Healthy,0.0,0.0,0.0,0.0,0.0,0.0,0.0,0.0
681,Healthy,0.0,0.0,0.0,0.0,0.0,0.0,0.0,0.0
682,Healthy,0.0,0.0,0.0,0.0,0.0,0.0,0.0,0.0
683,Healthy,0.0,0.0,0.0,0.0,0.0,0.0,0.0,0.0
684,Healthy,0.0,0.0,0.0,0.0,0.0,0.0,0.0,0.0
685,Healthy,0.0,0.0,0.0,0.0,0.0,0.0,0.0,0.0
686,Healthy,0.0,0.0,0.0,0.0,0.0,0.0,0.0,0.0
687,Healthy,0.0,0.0,0.0,0.0,0.0,0.0,0.0,0.0
688,Healthy,0.0,0.0,0.0,0.0,0.0,0.0,0.0,0.0
689,Healthy,0.0,0.0,0.0,0.0,0.0,0.0,0.0,0.0
690,Healthy,0.0,0.0,0.0,0.0,0.0,0.0,0.0,0.0
691,Healthy,0.0,0.0,0.0,0.0,0.0,0.0,0.0,0.0
692,Healthy,0.0,0.0,0.0,0.0,0.0,0.0,0.0,0.0
693,Healthy,0.0,0.0,0.0,0.0,0.0,0.0,0.0,0.0
694,Healthy,0.0,0.0,0.0,0.0,0.0,0.0,0.0,0.0
695,Healthy,0.014661654135338344,0.0,0.0,0.0,0.0,0.0,0.0,0.0
696,Healthy,0.0,0.0,0.0,0.0,0.0,0.0,0.0,0.0
697,Healthy,0.0,0.0,0.0,0.0,0.0,0.0,0.0,0.0
698,Healthy,0.0011278195488721803,0.0,0.0,0.0,0.0,0.0,0.0,0.0
699,Healthy,0.0,0.0,0.0,0.0,0.0,0.0,0.0,0.0
700,Healthy,0.0,0.0,0.0,0.0,0.0,0.0,0.0,0.0
701,Healthy,0.0,0.0,0.0,0.0,0.0,0.0,0.0,0.0
702,Healthy,0.0,0.0,0.0,0.0,0.0,0.0,0.0,0.0
703,Healthy,0.0,0.0,0.0,0.0,0.0,0.0,0.0,0.0
704,Healthy,0.0,0.0,0.0,0.0,0.0,0.0,0.0,0.0
705,Healthy,0.0,0.0,0.0,0.0,0.0,0.0,0.0,0.0
706,Healthy,0.0,0.0,0.0,0.0,0.0,0.0,0.0,0.0
707,Healthy,0.0,0.0,0.0,0.0,0.0,0.0,0.0,0.0
708,Healthy,0.0,0.0,0.0,0.0,0.0,0.0,0.0,0.0
709,Healthy,0.0,0.0,0.0,0.0,0.0,0.0,0.0,0.0
710,Healthy,0.0,0.0,0.0,0.0,0.0,0.0,0.0,0.0
711,Healthy,0.010150375939849623,0.0,0.0,0.0,0.0,0.0,0.0,0.0
712,Healthy,0.0,0.0,0.0,0.0,0.0,0.0,0.0,0.0
713,Healthy,0.0,0.0,0.0,0.0,0.0,0.0,0.0,0.0
714,Healthy,0.0,0.0,0.0,0.0,0.0,0.0,0.0,0.0
715,Healthy,0.0,0.0,0.0,0.0,0.0,0.0,0.0,0.0
716,Healthy,0.0,0.0,0.0,0.0,0.0,0.0,0.0,0.0
717,Healthy,0.0,0.0,0.0,0.0,0.0,0.0,0.0,0.0
718,Healthy,0.004511278195488721,0.0,0.0,0.0,0.0,0.0,0.0,0.0
719,Healthy,0.0,0.0,0.0,0.0,0.0,0.0,0.0,0.0
720,Healthy,0.0,0.0,0.0,0.0,0.0,0.0,0.0,0.0
721,Healthy,0.0,0.0,0.0,0.0,0.0,0.0,0.0,0.0
722,Healthy,0.0,0.0,0.0,0.0,0.0,0.0,0.0,0.0
723,Healthy,0.0,0.0,0.0,0.0,0.0,0.0,0.0,0.0
724,Healthy,0.0,0.0,0.0,0.0,0.0,0.0,0.0,0.0
725,Healthy,0.0,0.0,0.0,0.0,0.0,0.0,0.0,0.0
726,Healthy,0.0,0.0,0.0,0.0,0.0,0.0,0.0,0.0
727,Healthy,0.0,0.0,0.0,0.0,0.0,0.0,0.0,0.0
728,Healthy,0.0,0.0,0.0,0.0,0.0,0.0,0.0,0.0
729,Healthy,0.0,0.0,0.0,0.0,0.0,0.0,0.0,0.0
730,Healthy,0.0,0.0,0.0,0.0,0.0,0.0,0.0,0.0
731,Healthy,0.0,0.0,0.0,0.0,0.0,0.0,0.0,0.0
732,Healthy,0.0,0.0,0.0,0.0,0.0,0.0,0.0,0.0
733,Healthy,0.0,0.0,0.0,0.0,0.0,0.0,0.0,0.0
734,Healthy,0.0,0.0,0.0,0.0,0.0,0.0,0.0,0.0
735,Healthy,0.0,0.0,0.0,0.0,0.0,0.0,0.0,0.0
736,Healthy,0.0,0.0,0.0,0.0,0.0,0.0,0.0,0.0
737,Healthy,0.0,0.0,0.0,0.0,0.0,0.0,0.0,0.0
738,Healthy,0.0,0.0,0.0,0.0,0.0,0.0,0.0,0.0
739,Healthy,0.0,0.0,0.0,0.0,0.0,0.0,0.0,0.0
740,Healthy,0.0,0.0,0.0,0.0,0.0,0.0,0.0,0.0
741,Healthy,0.0,0.0,0.0,0.0,0.0,0.0,0.0,0.0
742,Healthy,0.0,0.0,0.0,0.0,0.0,0.0,0.0,0.0
743,Healthy,0.0,0.0,0.0,0.0,0.0,0.0,0.0,0.0
744,Healthy,0.0,0.0,0.0,0.0,0.0,0.0,0.0,0.0
745,Healthy,0.0,0.0,0.0,0.0,0.0,0.0,0.0,0.0
746,Healthy,0.0,0.0,0.0,0.0,0.0,0.0,0.0,0.0
747,Healthy,0.0,0.0,0.0,0.0,0.0,0.0,0.0,0.0
748,Healthy,0.0,0.0,0.0,0.0,0.0,0.0,0.0,0.0
749,Healthy,0.0,0.0,0.0,0.0,0.0,0.0,0.0,0.0
750,Healthy,0.0,0.0,0.0,0.0,0.0,0.0,0.0,0.0
751,Healthy,0.0,0.0,0.0,0.0,0.0,0.0,0.0,0.0
752,Healthy,0.0,0.0,0.0,0.0,0.0,0.0,0.0,0.0
753,Healthy,0.0,0.0,0.0,0.0,0.0,0.0,0.0,0.0
754,Healthy,0.0,0.0,0.0,0.0,0.0,0.0,0.0,0.0
755,Healthy,0.0,0.0,0.0,0.0,0.0,0.0,0.0,0.0
756,Healthy,0.0,0.0,0.0,0.0,0.0,0.0,0.0,0.0
757,Healthy,0.0,0.0,0.0,0.0,0.0,0.0,0.0,0.0
758,Healthy,0.0,0.0,0.0,0.0,0.0,0.0,0.0,0.0
759,Healthy,0.0,0.0,0.0,0.0,0.0,0.0,0.0,0.0
760,Healthy,0.0,0.0,0.0,0.0,0.0,0.0,0.0,0.0
761,Healthy,0.0,0.0,0.0,0.0,0.0,0.0,0.0,0.0
762,Healthy,0.0,0.0,0.0,0.0,0.0,0.0,0.0,0.0
763,Healthy,0.0,0.0,0.0,0.0,0.0,0.0,0.0,0.0
764,Healthy,0.0,0.0,0.0,0.0,0.0,0.0,0.0,0.0
765,Healthy,0.0,0.0,0.0,0.0,0.0,0.0,0.0,0.0
766,Healthy,0.0,0.0,0.0,0.0,0.0,0.0,0.0,0.0
767,Healthy,0.0,0.0,0.0,0.0,0.0,0.0,0.0,0.0
768,Healthy,0.0,0.0,0.0,0.0,0.0,0.0,0.0,0.0
769,Healthy,0.0,0.0,0.0,0.0,0.0,0.0,0.0,0.0
770,Healthy,0.0,0.0,0.0,0.0,0.0,0.0,0.0,0.0
771,Healthy,0.0,0.0,0.0,0.0,0.0,0.0,0.0,0.0
772,Healthy,0.0,0.0,0.0,0.0,0.0,0.0,0.0,0.0
773,Healthy,0.0,0.0,0.0,0.0,0.0,0.0,0.0,0.0
774,Healthy,0.0,0.0,0.0,0.0,0.0,0.0,0.0,0.0
775,Healthy,0.0,0.0,0.0,0.0,0.0,0.0,0.0,0.0
776,Healthy,0.0,0.0,0.0,0.0,0.0,0.0,0.0,0.0
777,Healthy,0.0,0.0,0.0,0.0,0.0,0.0,0.0,0.0
778,Healthy,0.0,0.0,0.0,0.0,0.0,0.0,0.0,0.0
779,Healthy,0.0,0.0,0.0,0.0,0.0,0.0,0.0,0.0
780,Healthy,0.0,0.0,0.0,0.0,0.0,0.0,0.0,0.0
781,Healthy,0.0,0.0,0.0,0.0,0.0,0.0,0.0,0.0
782,Healthy,0.0,0.0,0.0,0.0,0.0,0.0,0.0,0.0
783,Healthy,0.0,0.0,0.0,0.0,0.0,0.0,0.0,0.0
784,Healthy,0.0,0.0,0.0,0.0,0.0,0.0,0.0,0.0
785,Healthy,0.0,0.0,0.0,0.0,0.0,0.0,0.0,0.0
786,Healthy,0.0,0.0,0.0,0.0,0.0,0.0,0.0,0.0
787,Healthy,0.0,0.0,0.0,0.0,0.0,0.0,0.0,0.0
788,Healthy,0.0,0.0,0.0,0.0,0.0,0.0,0.0,0.0
789,Healthy,0.0,0.0,0.0,0.0,0.0,0.0,0.0,0.0
790,Healthy,0.0,0.0,0.0,0.0,0.0,0.0,0.0,0.0
791,Healthy,0.0,0.0,0.0,0.0,0.0,0.0,0.0,0.0
792,Healthy,0.0,0.0,0.0,0.0,0.0,0.0,0.0,0.0
793,Healthy,0.0,0.0,0.0,0.0,0.0,0.0,0.0,0.0
794,Healthy,0.0,0.0,0.0,0.0,0.0,0.0,0.0,0.0
795,Healthy,0.0,0.0,0.0,0.0,0.0,0.0,0.0,0.0
796,Healthy,0.0,0.0,0.0,0.0,0.0,0.0,0.0,0.0
797,Healthy,0.0011278195488721803,0.0,0.0,0.0,0.0,0.0,0.0,0.0
798,Healthy,0.0,0.0,0.0,0.0,0.0,0.0,0.0,0.0
799,Healthy,0.0,0.0,0.0,0.0,0.0,0.0,0.0,0.0
800,Healthy,0.0,0.0,0.0,0.0,0.0,0.0,0.0,0.0
801,Healthy,0.0,0.0,0.0,0.0,0.0,0.0,0.0,0.0
802,Healthy,0.0,0.0,0.0,0.0,0.0,0.0,0.0,0.0
803,Healthy,0.0,0.0,0.0,0.0,0.0,0.0,0.0,0.0
804,Healthy,0.0,0.0,0.0,0.0,0.0,0.0,0.0,0.0
805,Healthy,0.0,0.0,0.0,0.0,0.0,0.0,0.0,0.0
806,Healthy,0.0,0.0,0.0,0.0,0.0,0.0,0.0,0.0
807,Healthy,0.0011278195488721803,0.0,0.0,0.0,0.0,0.0,0.0,0.0
808,Healthy,0.0,0.0,0.0,0.0,0.0,0.0,0.0,0.0
809,Healthy,0.0,0.0,0.0,0.0,0.0,0.0,0.0,0.0
810,Healthy,0.0,0.0,0.0,0.0,0.0,0.0,0.0,0.0
811,Healthy,0.0,0.0,0.0,0.0,0.0,0.0,0.0,0.0
812,Healthy,0.0,0.0,0.0,0.0,0.0,0.0,0.0,0.0
813,Healthy,0.02932330827067669,0.0,0.0,0.0,0.0,0.0,0.0,0.0
814,Healthy,0.0,0.0,0.0,0.0,0.0,0.0,0.0,0.0
815,Healthy,0.0,0.0,0.0,0.0,0.0,0.0,0.0,0.0
816,Healthy,0.0,0.0,0.0,0.0,0.0,0.0,0.0,0.0
817,Healthy,0.0,0.0,0.0,0.0,0.0,0.0,0.0,0.0
818,Healthy,0.0,0.0,0.0,0.0,0.0,0.0,0.0,0.0
819,Healthy,0.0,0.0,0.0,0.0,0.0,0.0,0.0,0.0
820,Healthy,0.0,0.0,0.0,0.0,0.0,0.0,0.0,0.0
821,Healthy,0.0,0.0,0.0,0.0,0.0,0.0,0.0,0.0
822,Healthy,0.0,0.0,0.0,0.0,0.0,0.0,0.0,0.0
823,Healthy,0.0,0.0,0.0,0.0,0.0,0.0,0.0,0.0
824,Healthy,0.0,0.0,0.0,0.0,0.0,0.0,0.0,0.0
825,Healthy,0.0,0.0,0.0,0.0,0.0,0.0,0.0,0.0
826,Healthy,0.0,0.0,0.0,0.0,0.0,0.0,0.0,0.0
827,Healthy,0.0,0.0,0.0,0.0,0.0,0.0,0.0,0.0
828,Healthy,0.0,0.0,0.0,0.0,0.0,0.0,0.0,0.0
829,Healthy,0.03383458646616541,0.0,0.0,0.0,0.0,0.0,0.0,0.0
830,Healthy,0.003383458646616541,0.0,0.0,0.0,0.0,0.0,0.0,0.0
831,Healthy,0.0,0.0,0.0,0.0,0.0,0.0,0.0,0.0
832,Healthy,0.0,0.0,0.0,0.0,0.0,0.0,0.0,0.0
833,Healthy,0.0,0.0,0.0,0.0,0.0,0.0,0.0,0.0
834,Healthy,0.0,0.0,0.0,0.0,0.0,0.0,0.0,0.0
835,Healthy,0.0,0.0,0.0,0.0,0.0,0.0,0.0,0.0
836,Healthy,0.0,0.0,0.0,0.0,0.0,0.0,0.0,0.0
837,Healthy,0.0,0.0,0.0,0.0,0.0,0.0,0.0,0.0
838,Healthy,0.0,0.0,0.0,0.0,0.0,0.0,0.0,0.0
839,Healthy,0.0,0.0,0.0,0.0,0.0,0.0,0.0,0.0
840,Healthy,0.0,0.0,0.0,0.0,0.0,0.0,0.0,0.0
841,Healthy,0.0,0.0,0.0,0.0,0.0,0.0,0.0,0.0
842,Healthy,0.0,0.0,0.0,0.0,0.0,0.0,0.0,0.0
843,Healthy,0.0,0.0,0.0,0.0,0.0,0.0,0.0,0.0
844,Healthy,0.0,0.0,0.0,0.0,0.0,0.0,0.0,0.0
845,Healthy,0.0,0.0,0.0,0.0,0.0,0.0,0.0,0.0
846,Healthy,0.0,0.0,0.0,0.0,0.0,0.0,0.0,0.0
847,Healthy,0.0,0.0,0.0,0.0,0.0,0.0,0.0,0.0
848,Healthy,0.0,0.0,0.0,0.0,0.0,0.0,0.0,0.0
849,Healthy,0.0,0.0,0.0,0.0,0.0,0.0,0.0,0.0
850,Healthy,0.0,0.0,0.0,0.0,0.0,0.0,0.0,0.0
851,Healthy,0.0,0.0,0.0,0.0,0.0,0.0,0.0,0.0
852,Healthy,0.0,0.0,0.0,0.0,0.0,0.0,0.0,0.0
853,Healthy,0.0,0.0,0.0,0.0,0.0,0.0,0.0,0.0
854,Healthy,0.0,0.0,0.0,0.0,0.0,0.0,0.0,0.0
855,Healthy,0.0,0.0,0.0,0.0,0.0,0.0,0.0,0.0
856,Healthy,0.0,0.0,0.0,0.0,0.0,0.0,0.0,0.0
857,Healthy,0.0,0.0,0.0,0.0,0.0,0.0,0.0,0.0
858,Healthy,0.0,0.0,0.0,0.0,0.0,0.0,0.0,0.0
859,Healthy,0.0,0.0,0.0,0.0,0.0,0.0,0.0,0.0
860,Healthy,0.0,0.0,0.0,0.0,0.0,0.0,0.0,0.0
861,Healthy,0.015789473684210523,0.0,0.0,0.0,0.0,0.0,0.0,0.0
862,Healthy,0.0,0.0,0.0,0.0,0.0,0.0,0.0,0.0
863,Healthy,0.0,0.0,0.0,0.0,0.0,0.0,0.0,0.0
864,Healthy,0.0,0.0,0.0,0.0,0.0,0.0,0.0,0.0
865,Healthy,0.0,0.0,0.0,0.0,0.0,0.0,0.0,0.0
866,Healthy,0.0,0.0,0.0,0.0,0.0,0.0,0.0,0.0
867,Healthy,0.0,0.0,0.0,0.0,0.0,0.0,0.0,0.0
868,Healthy,0.0,0.0,0.0,0.0,0.0,0.0,0.0,0.0
869,Healthy,0.0,0.0,0.0,0.0,0.0,0.0,0.0,0.0
870,Healthy,0.0,0.0,0.0,0.0,0.0,0.0,0.0,0.0
871,Healthy,0.0,0.0,0.0,0.0,0.0,0.0,0.0,0.0
872,Healthy,0.0,0.0,0.0,0.0,0.0,0.0,0.0,0.0
873,Healthy,0.0,0.0,0.0,0.0,0.0,0.0,0.0,0.0
874,Healthy,0.0,0.0,0.0,0.0,0.0,0.0,0.0,0.0
875,Healthy,0.0,0.0,0.0,0.0,0.0,0.0,0.0,0.0
876,Healthy,0.0,0.0,0.0,0.0,0.0,0.0,0.0,0.0
877,Healthy,0.0,0.0,0.0,0.0,0.0,0.0,0.0,0.0
878,Healthy,0.0,0.0,0.0,0.0,0.0,0.0,0.0,0.0
879,Healthy,0.0,0.0,0.0,0.0,0.0,0.0,0.0,0.0
880,Healthy,0.0,0.0,0.0,0.0,0.0,0.0,0.0,0.0
881,Healthy,0.0,0.0,0.0,0.0,0.0,0.0,0.0,0.0
882,Healthy,0.0,0.0,0.0,0.0,0.0,0.0,0.0,0.0
883,Healthy,0.0,0.0,0.0,0.0,0.0,0.0,0.0,0.0
884,Healthy,0.0,0.0,0.0,0.0,0.0,0.0,0.0,0.0
885,Healthy,0.0,0.0,0.0,0.0,0.0,0.0,0.0,0.0
886,Healthy,0.0011278195488721803,0.0,0.0,0.0,0.0,0.0,0.0,0.0
887,Healthy,0.0,0.0,0.0,0.0,0.0,0.0,0.0,0.0
888,Healthy,0.0,0.0,0.0,0.0,0.0,0.0,0.0,0.0
889,Healthy,0.0,0.0,0.0,0.0,0.0,0.0,0.0,0.0
890,Healthy,0.011278195488721804,0.0,0.0,0.0,0.0,0.0,0.0,0.0
891,Healthy,0.0,0.0,0.0,0.0,0.0,0.0,0.0,0.0
892,Healthy,0.0,0.0,0.0,0.0,0.0,0.0,0.0,0.0
893,Healthy,0.0,0.0,0.0,0.0,0.0,0.0,0.0,0.0
894,Healthy,0.0,0.0,0.0,0.0,0.0,0.0,0.0,0.0
895,Healthy,0.0,0.0,0.0,0.0,0.0,0.0,0.0,0.0
896,Healthy,0.0,0.0,0.0,0.0,0.0,0.0,0.0,0.0
897,Healthy,0.0,0.0,0.0,0.0,0.0,0.0,0.0,0.0
898,Healthy,0.0,0.0,0.0,0.0,0.0,0.0,0.0,0.0
899,Healthy,0.0,0.0,0.0,0.0,0.0,0.0,0.0,0.0
900,Healthy,0.0,0.0,0.0,0.0,0.0,0.0,0.0,0.0
901,Healthy,0.0,0.0,0.0,0.0,0.0,0.0,0.0,0.0
902,Healthy,0.0,0.0,0.0,0.0,0.0,0.0,0.0,0.0
903,Healthy,0.0,0.0,0.0,0.0,0.0,0.0,0.0,0.0
904,Healthy,0.0,0.0,0.0,0.0,0.0,0.0,0.0,0.0
905,Healthy,0.0,0.0,0.0,0.0,0.0,0.0,0.0,0.0
906,Healthy,0.0,0.0,0.0,0.0,0.0,0.0,0.0,0.0
907,Healthy,0.0,0.0,0.0,0.0,0.0,0.0,0.0,0.0
908,Healthy,0.0,0.0,0.0,0.0,0.0,0.0,0.0,0.0
909,Healthy,0.0011278195488721803,0.0,0.0,0.0,0.0,0.0,0.0,0.0
910,Healthy,0.0,0.0,0.0,0.0,0.0,0.0,0.0,0.0
911,Healthy,0.0,0.0,0.0,0.0,0.0,0.0,0.0,0.0
912,Healthy,0.0,0.0,0.0,0.0,0.0,0.0,0.0,0.0
913,Healthy,0.0,0.0,0.0,0.0,0.0,0.0,0.0,0.0
914,Healthy,0.0,0.0,0.0,0.0,0.0,0.0,0.0,0.0
915,Healthy,0.0,0.0,0.0,0.0,0.0,0.0,0.0,0.0
916,Healthy,0.0,0.0,0.0,0.0,0.0,0.0,0.0,0.0
917,Healthy,0.0,0.0,0.0,0.0,0.0,0.0,0.0,0.0
918,Healthy,0.003383458646616541,0.0,0.0,0.0,0.0,0.0,0.0,0.0
919,Healthy,0.0,0.0,0.0,0.0,0.0,0.0,0.0,0.0
920,Healthy,0.0,0.0,0.0,0.0,0.0,0.0,0.0,0.0
921,Healthy,0.0,0.0,0.0,0.0,0.0,0.0,0.0,0.0
922,Healthy,0.0,0.0,0.0,0.0,0.0,0.0,0.0,0.0
923,Healthy,0.0,0.0,0.0,0.0,0.0,0.0,0.0,0.0
924,Healthy,0.0,0.0,0.0,0.0,0.0,0.0,0.0,0.0
925,Healthy,0.0,0.0,0.0,0.0,0.0,0.0,0.0,0.0
926,Healthy,0.0,0.0,0.0,0.0,0.0,0.0,0.0,0.0
927,Healthy,0.0,0.0,0.0,0.0,0.0,0.0,0.0,0.0
928,Healthy,0.0,0.0,0.0,0.0,0.0,0.0,0.0,0.0
929,Healthy,0.0,0.0,0.0,0.0,0.0,0.0,0.0,0.0
930,Healthy,0.0,0.0,0.0,0.0,0.0,0.0,0.0,0.0
931,Healthy,0.0,0.0,0.0,0.0,0.0,0.0,0.0,0.0
932,Healthy,0.0,0.0,0.0,0.0,0.0,0.0,0.0,0.0
933,Healthy,0.0,0.0,0.0,0.0,0.0,0.0,0.0,0.0
934,Healthy,0.0,0.0,0.0,0.0,0.0,0.0,0.0,0.0
935,Healthy,0.0,0.0,0.0,0.0,0.0,0.0,0.0,0.0
936,Healthy,0.0,0.0,0.0,0.0,0.0,0.0,0.0,0.0
937,Healthy,0.0,0.0,0.0,0.0,0.0,0.0,0.0,0.0
938,Healthy,0.0,0.0,0.0,0.0,0.0,0.0,0.0,0.0
939,Healthy,0.0,0.0,0.0,0.0,0.0,0.0,0.0,0.0
940,Healthy,0.0,0.0,0.0,0.0,0.0,0.0,0.0,0.0
941,Healthy,0.0,0.0,0.0,0.0,0.0,0.0,0.0,0.0
942,Healthy,0.0,0.0,0.0,0.0,0.0,0.0,0.0,0.0
943,Healthy,0.0,0.0,0.0,0.0,0.0,0.0,0.0,0.0
944,Healthy,0.0,0.0,0.0,0.0,0.0,0.0,0.0,0.0
945,Healthy,0.0,0.0,0.0,0.0,0.0,0.0,0.0,0.0
946,Healthy,0.0,0.0,0.0,0.0,0.0,0.0,0.0,0.0
947,Healthy,0.0,0.0,0.0,0.0,0.0,0.0,0.0,0.0
948,Healthy,0.0022556390977443606,0.0,0.0,0.0,0.0,0.0,0.0,0.0
949,Healthy,0.0,0.0,0.0,0.0,0.0,0.0,0.0,0.0
950,Healthy,0.0,0.0,0.0,0.0,0.0,0.0,0.0,0.0
951,Healthy,0.0,0.0,0.0,0.0,0.0,0.0,0.0,0.0
952,Healthy,0.0,0.0,0.0,0.0,0.0,0.0,0.0,0.0
953,Healthy,0.0,0.0,0.0,0.0,0.0,0.0,0.0,0.0
954,Healthy,0.0,0.0,0.0,0.0,0.0,0.0,0.0,0.0
955,Healthy,0.0,0.0,0.0,0.0,0.0,0.0,0.0,0.0
956,Healthy,0.0,0.0,0.0,0.0,0.0,0.0,0.0,0.0
957,Healthy,0.0,0.0,0.0,0.0,0.0,0.0,0.0,0.0
958,Healthy,0.0,0.0,0.0,0.0,0.0,0.0,0.0,0.0
959,Healthy,0.0,0.0,0.0,0.0,0.0,0.0,0.0,0.0
960,Healthy,0.0,0.0,0.0,0.0,0.0,0.0,0.0,0.0
961,Healthy,0.0,0.0,0.0,0.0,0.0,0.0,0.0,0.0
962,Healthy,0.0,0.0,0.0,0.0,0.0,0.0,0.0,0.0
963,Healthy,0.0,0.0,0.0,0.0,0.0,0.0,0.0,0.0
964,Healthy,0.0,0.0,0.0,0.0,0.0,0.0,0.0,0.0
965,Healthy,0.0,0.0,0.0,0.0,0.0,0.0,0.0,0.0
966,Healthy,0.0,0.0,0.0,0.0,0.0,0.0,0.0,0.0
967,Healthy,0.0,0.0,0.0,0.0,0.0,0.0,0.0,0.0
968,Healthy,0.0,0.0,0.0,0.0,0.0,0.0,0.0,0.0
969,Healthy,0.0,0.0,0.0,0.0,0.0,0.0,0.0,0.0
970,Healthy,0.0,0.0,0.0,0.0,0.0,0.0,0.0,0.0
971,Healthy,0.0,0.0,0.0,0.0,0.0,0.0,0.0,0.0
972,Healthy,0.0,0.0,0.0,0.0,0.0,0.0,0.0,0.0
973,Healthy,0.0,0.0,0.0,0.0,0.0,0.0,0.0,0.0
974,Healthy,0.0,0.0,0.0,0.0,0.0,0.0,0.0,0.0
975,Healthy,0.0,0.0,0.0,0.0,0.0,0.0,0.0,0.0
976,Healthy,0.0,0.0,0.0,0.0,0.0,0.0,0.0,0.0
977,Healthy,0.0,0.0,0.0,0.0,0.0,0.0,0.0,0.0
978,Healthy,0.0,0.0,0.0,0.0,0.0,0.0,0.0,0.0
979,Healthy,0.0,0.0,0.0,0.0,0.0,0.0,0.0,0.0
980,Healthy,0.0,0.0,0.0,0.0,0.0,0.0,0.0,0.0
981,Healthy,0.0,0.0,0.0,0.0,0.0,0.0,0.0,0.0
982,Healthy,0.0,0.0,0.0,0.0,0.0,0.0,0.0,0.0
983,Healthy,0.0,0.0,0.0,0.0,0.0,0.0,0.0,0.0
984,Healthy,0.0,0.0,0.0,0.0,0.0,0.0,0.0,0.0
985,Healthy,0.0022556390977443606,0.0,0.0,0.0,0.0,0.0,0.0,0.0
986,Healthy,0.0,0.0,0.0,0.0,0.0,0.0,0.0,0.0
987,Healthy,0.0,0.0,0.0,0.0,0.0,0.0,0.0,0.0
988,Healthy,0.0,0.0,0.0,0.0,0.0,0.0,0.0,0.0
989,Healthy,0.0,0.0,0.0,0.0,0.0,0.0,0.0,0.0
990,Healthy,0.0,0.0,0.0,0.0,0.0,0.0,0.0,0.0
991,Healthy,0.0,0.0,0.0,0.0,0.0,0.0,0.0,0.0
992,Healthy,0.0,0.0,0.0,0.0,0.0,0.0,0.0,0.0
993,Healthy,0.0,0.0,0.0,0.0,0.0,0.0,0.0,0.0
994,Healthy,0.0,0.0,0.0,0.0,0.0,0.0,0.0,0.0
995,Healthy,0.0011278195488721803,0.0,0.0,0.0,0.0,0.0,0.0,0.0
996,Healthy,0.0,0.0,0.0,0.0,0.0,0.0,0.0,0.0
997,Healthy,0.0,0.0,0.0,0.0,0.0,0.0,0.0,0.0
998,Healthy,0.0,0.0,0.0,0.0,0.0,0.0,0.0,0.0
999,Healthy,0.0,0.0,0.0,0.0,0.0,0.0,0.0,0.0
