asset_id,current_health,failure_prob,any_task,total_tasks
0,Healthy,0.0,False,0
1,Healthy,0.0,False,0
2,Healthy,0.0,False,0
3,Healthy,0.0,False,0
4,Healthy,0.0,False,0
5,Healthy,0.0,False,0
6,Healthy,0.0,False,0
7,Healthy,0.0,False,0
8,Healthy,0.0,False,0
9,Healthy,0.0,False,0
10,Healthy,0.0,False,0
11,Healthy,0.0,False,0
12,Healthy,0.0,False,0
13,Healthy,0.0,False,0
14,Healthy,0.0,False,0
15,Healthy,0.0,False,0
16,Healthy,0.0,False,0
17,Healthy,0.0,False,0
18,Healthy,0.0,False,0
19,Healthy,0.0,False,0
20,Healthy,0.0,False,0
21,Healthy,0.0,False,0
22,Healthy,0.0,False,0
23,Healthy,0.0,False,0
24,Healthy,0.0,False,0
25,Healthy,0.0,False,0
26,Healthy,0.0,False,0
27,Healthy,0.0,False,0
28,Healthy,0.0,False,0
29,Healthy,0.0,False,0
30,Healthy,0.0,False,0
31,Healthy,0.0,False,0
32,Healthy,0.0,False,0
33,Healthy,0.0,False,0
34,Healthy,0.0,False,0
35,Healthy,0.0,False,0
36,Healthy,0.0,False,0
37,Healthy,0.0,False,0
38,Healthy,0.0,False,0
39,Healthy,0.0,False,0
40,Healthy,0.0,False,0
41,Healthy,0.0,False,0
42,Healthy,0.0,False,0
43,Healthy,0.0,False,0
44,Healthy,0.0,False,0
45,Healthy,0.0,False,0
46,Healthy,0.0,False,0
47,Healthy,0.0,False,0
48,Healthy,0.0,False,0
49,Healthy,0.0,False,0
50,Healthy,0.0,False,0
51,Healthy,0.0,False,0
52,Healthy,0.0,False,0
53,Healthy,0.0,False,0
54,Healthy,0.0,False,0
55,Healthy,0.0,False,0
56,Healthy,0.0,False,0
57,Healthy,0.0,False,0
58,Healthy,0.0,False,0
59,Healthy,0.0,False,0
60,Healthy,0.0,False,0
61,Healthy,0.0,False,0
62,Healthy,0.0,False,0
63,Healthy,0.0,False,0
64,Healthy,0.0,False,0
65,Healthy,0.0,False,0
66,Healthy,0.0,False,0
67,Healthy,0.0,False,0
68,Healthy,0.0,False,0
69,Healthy,0.0,False,0
70,Healthy,0.0,False,0
71,Healthy,0.0,False,0
72,Healthy,0.0,False,0
73,Healthy,0.0,False,0
74,Healthy,0.0,False,0
75,Healthy,0.0,False,0
76,Healthy,0.0,False,0
77,Healthy,0.0,False,0
78,Healthy,0.0,False,0
79,Healthy,0.0,False,0
80,Healthy,0.0,False,0
81,Healthy,0.0,False,0
82,Healthy,0.0,False,0
83,Healthy,0.0,False,0
84,Healthy,0.0,False,0
85,Healthy,0.0,False,0
86,Healthy,0.0,False,0
87,Healthy,0.0,False,0
88,Healthy,0.0,False,0
89,Healthy,0.0,False,0
90,Healthy,0.0,False,0
91,Healthy,0.0,False,0
92,Healthy,0.0,False,0
93,Healthy,0.0,False,0
94,Healthy,0.0,False,0
95,Healthy,0.0,False,0
96,Healthy,0.0,False,0
97,Healthy,0.0,False,0
98,Healthy,0.0,False,0
99,Healthy,0.0,False,0
100,Healthy,0.0,False,0
101,Healthy,0.0,False,0
102,Healthy,0.0,False,0
103,Healthy,0.0,False,0
104,Healthy,0.0,False,0
105,Healthy,0.0,False,0
106,Healthy,0.0,False,0
107,Healthy,0.0,False,0
108,Healthy,0.0,False,0
109,Healthy,0.0,False,0
110,Healthy,0.0,False,0
111,Healthy,0.0,False,0
112,Healthy,0.0,False,0
113,Healthy,0.0,False,0
114,Healthy,0.0,False,0
115,Healthy,0.0,False,0
116,Healthy,0.0,False,0
117,Healthy,0.0,False,0
118,Healthy,0.0,False,0
119,Healthy,0.0,False,0
120,Healthy,0.0,False,0
121,Healthy,0.0,False,0
122,Healthy,0.0,False,0
123,Healthy,0.0,False,0
124,Healthy,0.0,False,0
125,Healthy,0.0,False,0
126,Healthy,0.0,False,0
127,Healthy,0.0,False,0
128,Healthy,0.0,False,0
129,Healthy,0.0,False,0
130,Healthy,0.0,False,0
131,Healthy,0.0,False,0
132,Healthy,0.0,False,0
133,Healthy,0.0,False,0
134,Healthy,0.0,False,0
135,Healthy,0.0,False,0
136,Healthy,0.0,False,0
137,Healthy,0.0,False,0
138,Healthy,0.0,False,0
139,Healthy,0.0,False,0
140,Healthy,0.0,False,0
141,Healthy,0.0,False,0
142,Healthy,0.0,False,0
143,Healthy,0.0,False,0
144,Healthy,0.0,False,0
145,Healthy,0.0,False,0
146,Healthy,0.0,False,0
147,Healthy,0.0,False,0
148,Healthy,0.0,False,0
149,Healthy,0.0,False,0
150,Healthy,0.0,False,0
151,Healthy,0.0,False,0
152,Healthy,0.0,False,0
153,Healthy,0.0,False,0
154,Healthy,0.0,False,0
155,Healthy,0.0,False,0
156,Healthy,0.0,False,0
157,Healthy,0.0,False,0
158,Healthy,0.0,False,0
159,Healthy,0.0,False,0
160,Healthy,0.0,False,0
161,Healthy,0.0,False,0
162,Healthy,0.0,False,0
163,Healthy,0.0,False,0
164,Healthy,0.0,False,0
165,Healthy,0.0,False,0
166,Healthy,0.0,False,0
167,Healthy,0.0,False,0
168,Healthy,0.0,False,0
169,Healthy,0.0,False,0
170,Healthy,0.0,False,0
171,Healthy,0.0,False,0
172,Healthy,0.0,False,0
173,Healthy,0.0,False,0
174,Healthy,0.0,False,0
175,Healthy,0.0,False,0
176,Healthy,0.0,False,0
177,Healthy,0.0,False,0
178,Healthy,0.0,False,0
179,Healthy,0.0,False,0
180,Healthy,0.0,False,0
181,Healthy,0.0,False,0
182,Healthy,0.0,False,0
183,Healthy,0.0,False,0
184,Healthy,0.0,False,0
185,Healthy,0.0,False,0
186,Healthy,0.0,False,0
187,Healthy,0.0,False,0
188,Healthy,0.0,False,0
189,Healthy,0.0,False,0
190,Healthy,0.0,False,0
191,Healthy,0.0,False,0
192,Healthy,0.0,False,0
193,Healthy,0.0,False,0
194,Healthy,0.0,False,0
195,Healthy,0.0,False,0
196,Healthy,0.0,False,0
197,Healthy,0.0,False,0
198,Healthy,0.0,False,0
199,Healthy,0.0,False,0
200,Healthy,0.0,False,0
201,Healthy,0.0,False,0
202,Healthy,0.0,False,0
203,Healthy,0.0,False,0
204,Healthy,0.0,False,0
205,Healthy,0.0,False,0
206,Healthy,0.0,False,0
207,Healthy,0.0,False,0
208,Healthy,0.0,False,0
209,Healthy,0.0,False,0
210,Healthy,0.0,False,0
211,Healthy,0.0,False,0
212,Healthy,0.0,False,0
213,Healthy,0.0,False,0
214,Healthy,0.0,False,0
215,Healthy,0.0,False,0
216,Healthy,0.0,False,0
217,Healthy,0.0,False,0
218,Healthy,0.0,False,0
219,Healthy,0.0,False,0
220,Healthy,0.0,False,0
221,Healthy,0.0,False,0
222,Healthy,0.0,False,0
223,Healthy,0.0,False,0
224,Healthy,0.0,False,0
225,Healthy,0.0,False,0
226,Healthy,0.0,False,0
227,Healthy,0.0,False,0
228,Healthy,0.0,False,0
229,Healthy,0.0,False,0
230,Healthy,0.0,False,0
231,Healthy,0.0,False,0
232,Healthy,0.0,False,0
233,Healthy,0.0,False,0
234,Healthy,0.0,False,0
235,Healthy,0.0,False,0
236,Healthy,0.0,False,0
237,Healthy,0.0,False,0
238,Healthy,0.0,False,0
239,Healthy,0.0,False,0
240,Healthy,0.0,False,0
241,Healthy,0.0,False,0
242,Healthy,0.0,False,0
243,Healthy,0.0,False,0
244,Healthy,0.0,False,0
245,Healthy,0.0,False,0
246,Healthy,0.0,False,0
247,Healthy,0.0,False,0
248,Healthy,0.0,False,0
249,Healthy,0.0,False,0
250,Healthy,0.0,False,0
251,Healthy,0.0,False,0
252,Healthy,0.0,False,0
253,Healthy,0.0,False,0
254,Healthy,0.0,False,0
255,Healthy,0.0,False,0
256,Healthy,0.0,False,0
257,Healthy,0.0,False,0
258,Healthy,0.0,False,0
259,Healthy,0.0,False,0
260,Healthy,0.0,False,0
261,Healthy,0.0,False,0
262,Healthy,0.0,False,0
263,Healthy,0.0,False,0
264,Healthy,0.0,False,0
265,Healthy,0.0,False,0
266,Healthy,0.0,False,0
267,Healthy,0.0,False,0
268,Healthy,0.0,False,0
269,Healthy,0.0,False,0
270,Healthy,0.0,False,0
271,Healthy,0.0,False,0
272,Healthy,0.0,False,0
273,Healthy,0.0,False,0
274,Healthy,0.0,False,0
275,Healthy,0.0,False,0
276,Healthy,0.0,False,0
277,Healthy,0.0,False,0
278,Healthy,0.0,False,0
279,Healthy,0.0,False,0
280,Healthy,0.0,False,0
281,Healthy,0.0,False,0
282,Healthy,0.0,False,0
283,Healthy,0.0,False,0
284,Healthy,0.0,False,0
285,Healthy,0.0,False,0
286,Healthy,0.0,False,0
287,Healthy,0.0,False,0
288,Healthy,0.0,False,0
289,Healthy,0.0,False,0
290,Healthy,0.0,False,0
291,Healthy,0.0,False,0
292,Healthy,0.0,False,0
293,Healthy,0.0,False,0
294,Healthy,0.0,False,0
295,Healthy,0.0,False,0
296,Healthy,0.0,False,0
297,Healthy,0.0,False,0
298,Healthy,0.0,False,0
299,Healthy,0.0,False,0
300,Healthy,0.0,False,0
301,Healthy,0.0,False,0
302,Healthy,0.0,False,0
303,Healthy,0.0,False,0
304,Healthy,0.0,False,0
305,Healthy,0.0,False,0
306,Healthy,0.0,False,0
307,Healthy,0.0,False,0
308,Healthy,0.0,False,0
309,Healthy,0.0,False,0
310,Healthy,0.0,False,0
311,Healthy,0.0,False,0
312,Healthy,0.0,False,0
313,Healthy,0.0,False,0
314,Warning,0.29482758620689653,False,0
315,Healthy,0.0,False,0
316,Healthy,0.01896551724137931,False,0
317,Warning,0.3,False,0
318,Healthy,0.0,False,0
319,Healthy,0.0,False,0
320,Warning,0.29482758620689653,False,0
321,Healthy,0.0,False,0
322,Warning,0.29482758620689653,False,0
323,Critical,0.6977011494252873,False,0
324,Warning,0.3,False,0
325,Warning,0.3,False,0
326,Warning,0.3,False,0
327,Warning,0.3,False,0
328,Warning,0.3,False,0
329,Warning,0.3,False,0
330,Warning,0.3,False,0
331,Warning,0.3,False,0
332,Critical,0.6977011494252873,False,0
333,Warning,0.3,False,0
334,Warning,0.3,False,0
335,Warning,0.3,False,0
336,Critical,0.5850574712643678,False,0
337,Critical,0.7,False,0
338,Critical,0.7,False,0
339,Critical,0.7,False,0
340,Critical,0.7,False,0
341,Critical,0.6862068965517242,False,0
342,Critical,0.7,False,0
343,Critical,0.7,False,0
344,Critical,0.7,False,0
345,Critical,0.7,False,0
346,Critical,0.7,False,0
347,Warning,0.403448275862069,False,0
348,Critical,0.7,False,0
349,Critical,0.7,False,0
350,Warning,0.3022988505747126,False,0
351,Critical,0.7,False,0
352,Critical,0.7,False,0
353,Critical,0.7,False,0
354,Critical,0.7,False,0
355,Critical,0.7,False,0
356,Critical,0.7,False,0
357,Critical,0.7,False,0
358,Critical,0.7,False,0
359,Critical,0.7,False,0
360,Critical,0.7,False,0
361,Critical,0.7,False,0
362,Critical,0.7,False,0
363,Critical,0.7,False,0
364,Critical,0.7,False,0
365,Critical,0.7,False,0
366,Critical,0.7,False,0
367,Critical,0.7,False,0
368,Critical,0.7,False,0
369,Critical,0.7,False,0
370,Critical,0.7,False,0
371,Critical,0.7,False,0
372,Critical,0.7,False,0
373,Critical,0.7,False,0
374,Critical,0.7,False,0
375,Critical,0.7,False,0
376,Critical,0.7,False,0
377,Critical,0.7,False,0
378,Critical,0.7,False,0
379,Critical,0.7,False,0
380,Critical,0.7,False,0
381,Critical,0.7,False,0
382,Critical,0.7,False,0
383,Critical,0.7,False,0
384,Critical,0.7,False,0
385,Critical,0.7,False,0
386,Critical,0.7,False,0
387,Critical,0.7,False,0
388,Critical,0.7,False,0
389,Critical,0.7,False,0
390,Critical,0.7,False,0
391,Critical,0.7,False,0
392,Critical,0.7,False,0
393,Critical,0.7,False,0
394,Critical,0.7,False,0
395,Critical,0.7,False,0
396,Critical,0.7,False,0
397,Critical,0.7,False,0
398,Critical,0.7,False,0
399,Critical,0.7,False,0
400,Healthy,0.0,False,0
401,Healthy,0.0,False,0
402,Healthy,0.0,False,0
403,Healthy,0.0,False,0
404,Healthy,0.0,False,0
405,Healthy,0.0,False,0
406,Healthy,0.0,False,0
407,Healthy,0.01896551724137931,False,0
408,Healthy,0.0,False,0
409,Healthy,0.0,False,0
410,Healthy,0.0,False,0
411,Healthy,0.0,False,0
412,Healthy,0.0,False,0
413,Healthy,0.0,False,0
414,Healthy,0.0,False,0
415,Healthy,0.0,False,0
416,Healthy,0.0,False,0
417,Healthy,0.0,False,0
418,Healthy,0.0,False,0
419,Healthy,0.0,False,0
420,Healthy,0.0,False,0
421,Healthy,0.0,False,0
422,Healthy,0.0,False,0
423,Healthy,0.0,False,0
424,Healthy,0.0,False,0
425,Healthy,0.0,False,0
426,Healthy,0.0,False,0
427,Healthy,0.0,False,0
428,Healthy,0.0,False,0
429,Healthy,0.0,False,0
430,Healthy,0.0,False,0
431,Healthy,0.0,False,0
432,Healthy,0.0,False,0
433,Healthy,0.0,False,0
434,Healthy,0.0,False,0
435,Healthy,0.0,False,0
436,Healthy,0.0,False,0
437,Healthy,0.0,False,0
438,Healthy,0.0,False,0
439,Healthy,0.0,False,0
440,Healthy,0.0,False,0
441,Healthy,0.0,False,0
442,Healthy,0.0,False,0
443,Healthy,0.0,False,0
444,Healthy,0.0,False,0
445,Healthy,0.0,False,0
446,Healthy,0.0,False,0
447,Healthy,0.0,False,0
448,Healthy,0.0,False,0
449,Healthy,0.0,False,0
450,Healthy,0.0,False,0
451,Healthy,0.0,False,0
452,Healthy,0.0,False,0
453,Healthy,0.0,False,0
454,Healthy,0.0,False,0
455,Healthy,0.0,False,0
456,Healthy,0.0,False,0
457,Healthy,0.0,False,0
458,Healthy,0.0,False,0
459,Healthy,0.0,False,0
460,Healthy,0.0,False,0
461,Warning,0.29482758620689653,False,0
462,Healthy,0.0,False,0
463,Healthy,0.0,False,0
464,Healthy,0.0,False,0
465,Healthy,0.0,False,0
466,Healthy,0.0,False,0
467,Healthy,0.0,False,0
468,Healthy,0.0,False,0
469,Healthy,0.0,False,0
470,Healthy,0.0,False,0
471,Healthy,0.0,False,0
472,Healthy,0.0,False,0
473,Healthy,0.0,False,0
474,Healthy,0.0,False,0
475,Healthy,0.0,False,0
476,Healthy,0.0,False,0
477,Healthy,0.0,False,0
478,Healthy,0.0,False,0
479,Healthy,0.0,False,0
480,Healthy,0.0,False,0
481,Healthy,0.0,False,0
482,Healthy,0.0,False,0
483,Healthy,0.0,False,0
484,Healthy,0.0,False,0
485,Healthy,0.0,False,0
486,Healthy,0.0,False,0
487,Healthy,0.0,False,0
488,Healthy,0.0,False,0
489,Healthy,0.0,False,0
490,Healthy,0.0,False,0
491,Healthy,0.0,False,0
492,Healthy,0.0,False,0
493,Healthy,0.0,False,0
494,Healthy,0.0,False,0
495,Healthy,0.0,False,0
496,Healthy,0.0,False,0
497,Healthy,0.0,False,0
498,Healthy,0.0,False,0
499,Healthy,0.0,False,0
500,Healthy,0.0,False,0
501,Healthy,0.0,False,0
502,Healthy,0.0,False,0
503,Healthy,0.0,False,0
504,Healthy,0.0,False,0
505,Healthy,0.0,False,0
506,Healthy,0.0,False,0
507,Healthy,0.0,False,0
508,Healthy,0.0,False,0
509,Healthy,0.0,False,0
510,Healthy,0.0,False,0
511,Healthy,0.0,False,0
512,Healthy,0.0,False,0
513,Healthy,0.0,False,0
514,Healthy,0.0,False,0
515,Healthy,0.0,False,0
516,Healthy,0.0,False,0
517,Healthy,0.0,False,0
518,Healthy,0.0,False,0
519,Healthy,0.0,False,0
520,Healthy,0.0,False,0
521,Healthy,0.0,False,0
522,Healthy,0.0,False,0
523,Healthy,0.0,False,0
524,Healthy,0.0,False,0
525,Healthy,0.0,False,0
526,Healthy,0.0,False,0
527,Healthy,0.0,False,0
528,Healthy,0.0,False,0
529,Healthy,0.0,False,0
530,Healthy,0.0,False,0
531,Healthy,0.0,False,0
532,Healthy,0.0,False,0
533,Healthy,0.0,False,0
534,Healthy,0.0,False,0
535,Healthy,0.0,False,0
536,Healthy,0.0,False,0
537,Healthy,0.0,False,0
538,Healthy,0.0,False,0
539,Healthy,0.0,False,0
540,Healthy,0.0,False,0
541,Healthy,0.0,False,0
542,Healthy,0.0,False,0
543,Healthy,0.0,False,0
544,Healthy,0.0,False,0
545,Healthy,0.0,False,0
546,Healthy,0.0,False,0
547,Healthy,0.0,False,0
548,Healthy,0.0,False,0
549,Healthy,0.0,False,0
550,Healthy,0.0,False,0
551,Healthy,0.0,False,0
552,Healthy,0.0,False,0
553,Healthy,0.0,False,0
554,Healthy,0.0,False,0
555,Healthy,0.0,False,0
556,Healthy,0.0,False,0
557,Healthy,0.0,False,0
558,Healthy,0.0,False,0
559,Healthy,0.0,False,0
560,Healthy,0.0,False,0
561,Healthy,0.0,False,0
562,Healthy,0.0,False,0
563,Healthy,0.0,False,0
564,Healthy,0.0,False,0
565,Healthy,0.0,False,0
566,Healthy,0.0,False,0
567,Healthy,0.0,False,0
568,Healthy,0.0,False,0
569,Healthy,0.0,False,0
570,Healthy,0.0,False,0
571,Healthy,0.0,False,0
572,Healthy,0.0,False,0
573,Healthy,0.0,False,0
574,Healthy,0.0,False,0
575,Healthy,0.0,False,0
576,Healthy,0.0,False,0
577,Healthy,0.0,False,0
578,Healthy,0.0,False,0
579,Warning,0.3,False,0
580,Healthy,0.0,False,0
581,Healthy,0.0,False,0
582,Healthy,0.0,False,0
583,Healthy,0.0,False,0
584,Healthy,0.0,False,0
585,Healthy,0.0,False,0
586,Healthy,0.0,False,0
587,Healthy,0.0,False,0
588,Healthy,0.0,False,0
589,Healthy,0.0,False,0
590,Healthy,0.0,False,0
591,Healthy,0.0,False,0
592,Healthy,0.0,False,0
593,Healthy,0.0,False,0
594,Healthy,0.0,False,0
595,Healthy,0.0,False,0
596,Healthy,0.0,False,0
597,Healthy,0.0,False,0
598,Healthy,0.0,False,0
599,Healthy,0.0,False,0
600,Healthy,0.0,False,0
601,Healthy,0.0,False,0
602,Healthy,0.0,False,0
603,Healthy,0.0,False,0
604,Healthy,0.0,False,0
605,Healthy,0.0,False,0
606,Healthy,0.0,False,0
607,Healthy,0.0,False,0
608,Healthy,0.0,False,0
609,Healthy,0.0,False,0
610,Healthy,0.0,False,0
611,Healthy,0.0,False,0
612,Healthy,0.0,False,0
613,Healthy,0.0,False,0
614,Healthy,0.0,False,0
615,Healthy,0.0,False,0
616,Healthy,0.0,False,0
617,Healthy,0.0,False,0
618,Healthy,0.0,False,0
619,Healthy,0.0,False,0
620,Healthy,0.0,False,0
621,Healthy,0.0,False,0
622,Healthy,0.0,False,0
623,Healthy,0.0,False,0
624,Healthy,0.0,False,0
625,Healthy,0.0,False,0
626,Healthy,0.0,False,0
627,Healthy,0.0,False,0
628,Healthy,0.0,False,0
629,Healthy,0.0,False,0
630,Healthy,0.0,False,0
631,Healthy,0.0,False,0
632,Healthy,0.0,False,0
633,Healthy,0.0,False,0
634,Healthy,0.0,False,0
635,Healthy,0.0,False,0
636,Healthy,0.0,False,0
637,Healthy,0.0,False,0
638,Healthy,0.0,False,0
639,Healthy,0.0,False,0
640,Healthy,0.0,False,0
641,Healthy,0.0,False,0
642,Healthy,0.0,False,0
643,Healthy,0.0,False,0
644,Healthy,0.0,False,0
645,Healthy,0.0,False,0
646,Healthy,0.0,False,0
647,Healthy,0.0,False,0
648,Healthy,0.0,False,0
649,Healthy,0.0,False,0
650,Healthy,0.0,False,0
651,Healthy,0.0,False,0
652,Healthy,0.0,False,0
653,Healthy,0.0,False,0
654,Healthy,0.0,False,0
655,Healthy,0.0,False,0
656,Healthy,0.0,False,0
657,Healthy,0.0,False,0
658,Healthy,0.0,False,0
659,Healthy,0.0,False,0
660,Healthy,0.0,False,0
661,Healthy,0.0,False,0
662,Healthy,0.0,False,0
663,Healthy,0.0,False,0
664,Healthy,0.0,False,0
665,Healthy,0.0,False,0
666,Healthy,0.0,False,0
667,Healthy,0.0,False,0
668,Healthy,0.0,False,0
669,Healthy,0.0,False,0
670,Healthy,0.0,False,0
671,Healthy,0.0,False,0
672,Healthy,0.0,False,0
673,Healthy,0.0,False,0
674,Healthy,0.0,False,0
675,Healthy,0.0,False,0
676,Healthy,0.0,False,0
677,Healthy,0.0,False,0
678,Healthy,0.0,False,0
679,Healthy,0.0,False,0
680,Healthy,0.0,False,0
681,Healthy,0.0,False,0
682,Healthy,0.0,False,0
683,Healthy,0.0,False,0
684,Healthy,0.0,False,0
685,Healthy,0.0,False,0
686,Healthy,0.0,False,0
687,Healthy,0.0,False,0
688,Healthy,0.0,False,0
689,Healthy,0.0,False,0
690,Healthy,0.0,False,0
691,Healthy,0.0,False,0
692,Healthy,0.0,False,0
693,Healthy,0.0,False,0
694,Healthy,0.0,False,0
695,Healthy,0.0,False,0
696,Healthy,0.0,False,0
697,Healthy,0.0,False,0
698,Healthy,0.0,False,0
699,Healthy,0.0,False,0
700,Healthy,0.0,False,0
701,Healthy,0.0,False,0
702,Healthy,0.0,False,0
703,Healthy,0.0,False,0
704,Healthy,0.0,False,0
705,Healthy,0.0,False,0
706,Healthy,0.0,False,0
707,Healthy,0.0,False,0
708,Healthy,0.0,False,0
709,Healthy,0.0,False,0
710,Healthy,0.0,False,0
711,Healthy,0.0,False,0
712,Healthy,0.0,False,0
713,Healthy,0.0,False,0
714,Healthy,0.0,False,0
715,Healthy,0.0,False,0
716,Healthy,0.0,False,0
717,Healthy,0.0,False,0
718,Healthy,0.0,False,0
719,Healthy,0.0,False,0
720,Healthy,0.0,False,0
721,Healthy,0.0,False,0
722,Healthy,0.0,False,0
723,Healthy,0.0,False,0
724,Healthy,0.0,False,0
725,Healthy,0.0,False,0
726,Healthy,0.0,False,0
727,Healthy,0.0,False,0
728,Healthy,0.0,False,0
729,Healthy,0.0,False,0
730,Healthy,0.0,False,0
731,Healthy,0.0,False,0
732,Healthy,0.0,False,0
733,Healthy,0.0,False,0
734,Healthy,0.0,False,0
735,Healthy,0.0,False,0
736,Healthy,0.0,False,0
737,Healthy,0.0,False,0
738,Healthy,0.0,False,0
739,Healthy,0.0,False,0
740,Healthy,0.0,False,0
741,Healthy,0.0,False,0
742,Healthy,0.0,False,0
743,Healthy,0.0,False,0
744,Healthy,0.0,False,0
745,Healthy,0.0,False,0
746,Healthy,0.0,False,0
747,Healthy,0.0,False,0
748,Healthy,0.0,False,0
749,Healthy,0.0,False,0
750,Healthy,0.0,False,0
751,Healthy,0.0,False,0
752,Healthy,0.0,False,0
753,Healthy,0.0,False,0
754,Healthy,0.0,False,0
755,Healthy,0.0,False,0
756,Healthy,0.0,False,0
757,Healthy,0.0,False,0
758,Healthy,0.0,False,0
759,Healthy,0.0,False,0
760,Healthy,0.0,False,0
761,Healthy,0.0,False,0
762,Healthy,0.0,False,0
763,Healthy,0.0,False,0
764,Healthy,0.0,False,0
765,Healthy,0.0,False,0
766,Healthy,0.0,False,0
767,Healthy,0.0,False,0
768,Healthy,0.0,False,0
769,Healthy,0.0,False,0
770,Healthy,0.0,False,0
771,Healthy,0.0,False,0
772,Healthy,0.0,False,0
773,Healthy,0.0,False,0
774,Healthy,0.0,False,0
775,Healthy,0.0,False,0
776,Healthy,0.0,False,0
777,Healthy,0.0,False,0
778,Healthy,0.0,False,0
779,Healthy,0.0,False,0
780,Healthy,0.0,False,0
781,Healthy,0.0,False,0
782,Healthy,0.0,False,0
783,Healthy,0.0,False,0
784,Healthy,0.0,False,0
785,Healthy,0.0,False,0
786,Healthy,0.0,False,0
787,Healthy,0.0,False,0
788,Healthy,0.0,False,0
789,Healthy,0.0,False,0
790,Healthy,0.0,False,0
791,Healthy,0.0,False,0
792,Healthy,0.0,False,0
793,Healthy,0.0,False,0
794,Healthy,0.0,False,0
795,Healthy,0.0,False,0
796,Healthy,0.0,False,0
797,Healthy,0.0,False,0
798,Healthy,0.0,False,0
799,Healthy,0.0,False,0
800,Healthy,0.0,False,0
801,Healthy,0.0,False,0
802,Healthy,0.0,False,0
803,Healthy,0.0,False,0
804,Healthy,0.0,False,0
805,Healthy,0.0,False,0
806,Healthy,0.0,False,0
807,Healthy,0.0,False,0
808,Healthy,0.0,False,0
809,Healthy,0.0,False,0
810,Healthy,0.0,False,0
811,Healthy,0.0,False,0
812,Healthy,0.0,False,0
813,Healthy,0.0,False,0
814,Healthy,0.0,False,0
815,Healthy,0.0,False,0
816,Healthy,0.0,False,0
817,Healthy,0.0,False,0
818,Healthy,0.0,False,0
819,Healthy,0.0,False,0
820,Healthy,0.0,False,0
821,Healthy,0.0,False,0
822,Healthy,0.0,False,0
823,Healthy,0.0,False,0
824,Healthy,0.0,False,0
825,Healthy,0.0,False,0
826,Healthy,0.0,False,0
827,Healthy,0.0,False,0
828,Healthy,0.0,False,0
829,Healthy,0.0,False,0
830,Healthy,0.0,False,0
831,Healthy,0.0,False,0
832,Healthy,0.0,False,0
833,Healthy,0.0,False,0
834,Healthy,0.0,False,0
835,Healthy,0.0,False,0
836,Healthy,0.0,False,0
837,Healthy,0.0,False,0
838,Healthy,0.0,False,0
839,Healthy,0.0,False,0
840,Healthy,0.0,False,0
841,Healthy,0.0,False,0
842,Healthy,0.0,False,0
843,Healthy,0.0,False,0
844,Healthy,0.0,False,0
845,Healthy,0.0,False,0
846,Healthy,0.0,False,0
847,Healthy,0.0,False,0
848,Healthy,0.0,False,0
849,Healthy,0.0,False,0
850,Healthy,0.0,False,0
851,Healthy,0.0,False,0
852,Healthy,0.0,False,0
853,Healthy,0.0,False,0
854,Healthy,0.0,False,0
855,Healthy,0.0,False,0
856,Healthy,0.0,False,0
857,Healthy,0.0,False,0
858,Healthy,0.0,False,0
859,Healthy,0.0,False,0
860,Healthy,0.0,False,0
861,Healthy,0.0,False,0
862,Healthy,0.0,False,0
863,Healthy,0.0,False,0
864,Healthy,0.0,False,0
865,Healthy,0.0,False,0
866,Healthy,0.0,False,0
867,Healthy,0.0,False,0
868,Healthy,0.0,False,0
869,Healthy,0.0,False,0
870,Healthy,0.0,False,0
871,Healthy,0.0,False,0
872,Healthy,0.0,False,0
873,Healthy,0.0,False,0
874,Healthy,0.0,False,0
875,Healthy,0.0,False,0
876,Healthy,0.0,False,0
877,Healthy,0.0,False,0
878,Healthy,0.0,False,0
879,Healthy,0.0,False,0
880,Healthy,0.0,False,0
881,Healthy,0.0,False,0
882,Healthy,0.0,False,0
883,Healthy,0.0,False,0
884,Healthy,0.0,False,0
885,Healthy,0.0,False,0
886,Healthy,0.0,False,0
887,Healthy,0.0,False,0
888,Healthy,0.0,False,0
889,Healthy,0.0,False,0
890,Healthy,0.0,False,0
891,Healthy,0.0,False,0
892,Healthy,0.0,False,0
893,Healthy,0.0,False,0
894,Healthy,0.0,False,0
895,Healthy,0.0,False,0
896,Healthy,0.0,False,0
897,Healthy,0.0,False,0
898,Healthy,0.0,False,0
899,Healthy,0.0,False,0
900,Healthy,0.0,False,0
901,Healthy,0.0,False,0
902,Healthy,0.0,False,0
903,Healthy,0.0,False,0
904,Healthy,0.0,False,0
905,Healthy,0.0,False,0
906,Healthy,0.0,False,0
907,Healthy,0.0,False,0
908,Healthy,0.0,False,0
909,Healthy,0.0,False,0
910,Healthy,0.0,False,0
911,Healthy,0.0,False,0
912,Healthy,0.0,False,0
913,Healthy,0.0,False,0
914,Healthy,0.0,False,0
915,Healthy,0.0,False,0
916,Healthy,0.0,False,0
917,Healthy,0.0,False,0
918,Healthy,0.0,False,0
919,Healthy,0.0,False,0
920,Healthy,0.0,False,0
921,Healthy,0.0,False,0
922,Healthy,0.0,False,0
923,Healthy,0.0,False,0
924,Healthy,0.0,False,0
925,Healthy,0.0,False,0
926,Healthy,0.0,False,0
927,Healthy,0.0,False,0
928,Healthy,0.0,False,0
929,Healthy,0.0,False,0
930,Healthy,0.0,False,0
931,Healthy,0.0,False,0
932,Healthy,0.0,False,0
933,Healthy,0.0,False,0
934,Healthy,0.0,False,0
935,Healthy,0.0,False,0
936,Healthy,0.0,False,0
937,Healthy,0.0,False,0
938,Healthy,0.0,False,0
939,Healthy,0.0,False,0
940,Healthy,0.0,False,0
941,Healthy,0.0,False,0
942,Healthy,0.0,False,0
943,Healthy,0.0,False,0
944,Healthy,0.0,False,0
945,Healthy,0.0,False,0
946,Healthy,0.0,False,0
947,Healthy,0.0,False,0
948,Healthy,0.0,False,0
949,Healthy,0.0,False,0
950,Healthy,0.0,False,0
951,Healthy,0.0,False,0
952,Healthy,0.0,False,0
953,Healthy,0.0,False,0
954,Healthy,0.0,False,0
955,Healthy,0.0,False,0
956,Healthy,0.0,False,0
957,Healthy,0.0,False,0
958,Healthy,0.0,False,0
959,Healthy,0.0,False,0
960,Healthy,0.0,False,0
961,Healthy,0.0,False,0
962,Healthy,0.0,False,0
963,Healthy,0.0,False,0
964,Healthy,0.0,False,0
965,Healthy,0.0,False,0
966,Healthy,0.0,False,0
967,Healthy,0.0,False,0
968,Healthy,0.0,False,0
969,Healthy,0.0,False,0
970,Healthy,0.0,False,0
971,Healthy,0.0,False,0
972,Healthy,0.0,False,0
973,Healthy,0.0,False,0
974,Warning,0.29482758620689653,False,0
975,Healthy,0.0,False,0
976,Healthy,0.0,False,0
977,Healthy,0.0,False,0
978,Healthy,0.0,False,0
979,Healthy,0.0,False,0
980,Healthy,0.0,False,0
981,Healthy,0.0,False,0
982,Healthy,0.0,False,0
983,Healthy,0.0,False,0
984,Healthy,0.0,False,0
985,Healthy,0.0,False,0
986,Healthy,0.0,False,0
987,Healthy,0.0,False,0
988,Healthy,0.0,False,0
989,Healthy,0.0,False,0
990,Healthy,0.0,False,0
991,Healthy,0.0,False,0
992,Healthy,0.0,False,0
993,Healthy,0.0,False,0
994,Healthy,0.0,False,0
995,Healthy,0.0,False,0
996,Healthy,0.0,False,0
997,Healthy,0.0,False,0
998,Healthy,0.0,False,0
999,Healthy,0.0,False,0
